customer_name,total_orders,total_revenue,avg_discount,days_since_order,churn_probability,favourite_category,favourite_state,risk_reason
Aaron Knapp,1,5927.549999999999,0.060000000000000005,1042,1.0,Cruisers Bicycles,NY,No recent orders
Abbey Pugh,1,4132.99,0.15000000000000002,994,1.0,Cyclocross Bicycles,NY,No recent orders
Abram Copeland,1,24607.02,0.078,571,0.99,Cruisers Bicycles,TX,No recent orders
Adam Henderson,1,3695.4699999999993,0.15,720,0.99,Cruisers Bicycles,CA,No recent orders
Adam Thornton,1,5841.52,0.05000000000000001,833,0.99,Mountain Bikes,NY,No recent orders
Adelaida Hancock,1,9497.17,0.07500000000000001,820,0.97,Comfort Bicycles,CA,No recent orders
Adena Blake,1,19329.94,0.13,476,0.99,Mountain Bikes,NY,No recent orders
Adrien Hunter,1,1234.97,0.05,437,1.0,Children Bicycles,NY,No recent orders
Adriene Rivera,1,6462.459999999999,0.09999999999999999,994,1.0,Mountain Bikes,CA,No recent orders
Adriene Rollins,1,3181.54,0.05,885,1.0,Cruisers Bicycles,NY,No recent orders
Afton Juarez,1,4279.57,0.06666666666666667,866,1.0,Comfort Bicycles,NY,No recent orders
Agatha Daniels,1,3613.7200000000003,0.1,788,1.0,Comfort Bicycles,CA,No recent orders
Agatha Melton,1,1258.97,0.07500000000000001,576,1.0,Cruisers Bicycles,NY,No recent orders
Agnes Sims,1,2891.75,0.0925,442,1.0,Cruisers Bicycles,NY,No recent orders
Agustina Lawrence,1,2283.8,0.13,632,1.0,Comfort Bicycles,NY,No recent orders
Ai Forbes,1,5014.96,0.10666666666666667,932,1.0,Mountain Bikes,NY,No recent orders
Aide Franco,1,2605.28,0.06333333333333334,481,1.0,Children Bicycles,CA,No recent orders
Aileen Marquez,1,4644.91,0.06666666666666667,750,0.99,Children Bicycles,CA,No recent orders
Aimee Merritt,1,8096.44,0.08750000000000001,592,1.0,Mountain Bikes,NY,No recent orders
Aisha Woods,1,2743.9799999999996,0.2,768,0.99,Cruisers Bicycles,NY,No recent orders
Alane Kennedy,1,1395.16,0.060000000000000005,912,1.0,Children Bicycles,NY,No recent orders
Alane Mccarty,1,728.97,0.125,819,0.99,Cruisers Bicycles,CA,No recent orders
Alane Munoz,1,242.99,0.1,1088,1.0,Cruisers Bicycles,NY,No recent orders
Alanna Barry,1,1076.93,0.07,826,1.0,Children Bicycles,TX,No recent orders
Alden Atkinson,1,3484.07,0.13,754,1.0,Cruisers Bicycles,NY,No recent orders
Alec Peck,1,1139.98,0.05,863,1.0,Comfort Bicycles,TX,No recent orders
Alejandrina Hodges,1,3447.22,0.092,721,0.98,Comfort Bicycles,NY,No recent orders
Alejandro Haney,1,16846.949999999997,0.08333333333333333,449,1.0,Cruisers Bicycles,NY,No recent orders
Alejandro Norman,1,2509.88,0.05,690,1.0,Mountain Bikes,CA,No recent orders
Alesia Horne,1,2787.95,0.18,695,1.0,Cruisers Bicycles,NY,No recent orders
Aleta Mack,1,1929.51,0.074,860,1.0,Cruisers Bicycles,NY,No recent orders
Aleta Stone,1,418.49,0.07,478,1.0,Comfort Bicycles,NY,No recent orders
Alexandria Zamora,1,4475.46,0.08750000000000001,1012,1.0,Mountain Bikes,NY,No recent orders
Alexis Mack,1,2402.4700000000003,0.18,776,1.0,Cruisers Bicycles,NY,No recent orders
Alfredo Dodson,1,4766.83,0.0625,550,0.99,Cruisers Bicycles,NY,No recent orders
Alina Mcleod,1,13287.519999999999,0.07750000000000001,396,0.98,Children Bicycles,NY,No recent orders
Alissa Craft,1,2754.99,0.05,776,1.0,Mountain Bikes,NY,No recent orders
Alissa Hood,1,14567.15,0.15,467,0.94,Cruisers Bicycles,NY,No recent orders
Alita Salinas,1,2099.96,0.10666666666666667,569,1.0,Cruisers Bicycles,NY,No recent orders
Allie Conley,1,959.98,0.2,979,0.97,Cruisers Bicycles,CA,No recent orders
Alline Beasley,1,5022.95,0.15666666666666668,851,1.0,Comfort Bicycles,NY,No recent orders
Allison Nolan,1,5809.469999999999,0.084,971,1.0,Cruisers Bicycles,NY,No recent orders
Almeta Benjamin,1,799.99,0.2,945,1.0,Mountain Bikes,NY,No recent orders
Alpha King,1,2813.55,0.14250000000000002,1034,1.0,Cruisers Bicycles,NY,No recent orders
Alyse Jacobson,1,11062.41,0.078,479,0.99,Mountain Bikes,NY,No recent orders
Alysha Powers,1,751.98,0.2,855,1.0,Mountain Bikes,NY,No recent orders
Alysia Nicholson,1,5126.95,0.06333333333333334,659,0.99,Children Bicycles,CA,No recent orders
America Swanson,1,3505.76,0.15000000000000002,754,1.0,Children Bicycles,NY,No recent orders
Ami Mcmahon,1,2840.04,0.11000000000000001,411,1.0,Mountain Bikes,NY,No recent orders
Amina Salazar,1,4447.72,0.1375,866,1.0,Children Bicycles,NY,No recent orders
Amparo Burks,1,879.98,0.2,749,1.0,Cruisers Bicycles,NY,No recent orders
Ana Palmer,1,4100.43,0.094,642,1.0,Children Bicycles,CA,No recent orders
Anderson Martin,1,3900.65,0.15666666666666668,747,1.0,Comfort Bicycles,NY,No recent orders
Andreas Herman,1,2754.99,0.05,728,1.0,Mountain Bikes,NY,No recent orders
Andreas Mayer,1,18114.92,0.124,562,0.98,Children Bicycles,NY,No recent orders
Andria Rivers,1,4327.02,0.074,428,1.0,Mountain Bikes,TX,No recent orders
Andy O'neill,1,4655.03,0.154,824,1.0,Mountain Bikes,NY,No recent orders
Angele Castro,1,1082.97,0.05,382,1.0,Children Bicycles,CA,No recent orders
Angele Schroeder,1,845.98,0.1,888,1.0,Mountain Bikes,NY,No recent orders
Angelika Perry,1,2319.75,0.07333333333333335,678,1.0,Children Bicycles,NY,No recent orders
Angelina Lloyd,1,1625.96,0.07500000000000001,961,1.0,Children Bicycles,CA,No recent orders
Angelique Merrill,1,333.59,0.2,618,1.0,Comfort Bicycles,CA,No recent orders
Angella Bridges,1,4062.33,0.07333333333333335,659,1.0,Mountain Bikes,NY,No recent orders
Angie Powers,1,1990.1599999999999,0.07,845,1.0,Comfort Bicycles,CA,No recent orders
Anisha Lang,1,6416.59,0.074,882,1.0,Cruisers Bicycles,NY,No recent orders
Ann Heath,1,6468.219999999999,0.088,662,1.0,Cruisers Bicycles,CA,No recent orders
Annabelle Hebert,1,3287.3100000000004,0.14,559,1.0,Cruisers Bicycles,NY,No recent orders
Annett Garrett,1,4156.6900000000005,0.05666666666666667,633,1.0,Children Bicycles,NY,No recent orders
Annett Rush,1,6089.92,0.11800000000000002,946,1.0,Cruisers Bicycles,NY,No recent orders
Annis Sanchez,1,4269.95,0.13,718,1.0,Cruisers Bicycles,CA,No recent orders
Anton Barton,1,797.94,0.07,735,1.0,Cruisers Bicycles,NY,No recent orders
Antonetta Rocha,1,853.1,0.05,887,1.0,Cruisers Bicycles,NY,No recent orders
Antony Atkinson,1,208.98,0.05,430,0.98,Children Bicycles,NY,No recent orders
Anya Contreras,1,1497.48,0.135,428,1.0,Cruisers Bicycles,NY,No recent orders
Ara Vazquez,1,4466.64,0.08,717,1.0,Children Bicycles,CA,No recent orders
Arcelia Vinson,1,6479.929999999999,0.2,892,1.0,Children Bicycles,NY,No recent orders
Ardelia Cooley,1,12334.949999999999,0.13333333333333333,746,0.99,Mountain Bikes,CA,No recent orders
Arie Hunter,1,1287.57,0.12333333333333334,530,1.0,Children Bicycles,NY,No recent orders
Arielle Levine,1,3899.9599999999996,0.12333333333333334,867,1.0,Children Bicycles,TX,No recent orders
Arla Ellis,1,3900.06,0.06333333333333334,1090,1.0,Comfort Bicycles,NY,No recent orders
Arlena Buckner,1,992.96,0.125,940,1.0,Children Bicycles,NY,No recent orders
Arline Lawson,1,7995.799999999999,0.11000000000000001,440,0.99,Cruisers Bicycles,NY,No recent orders
Armando Black,1,2843.07,0.060000000000000005,640,0.99,Comfort Bicycles,TX,No recent orders
Arminda Weber,1,1044.98,0.05,614,1.0,Mountain Bikes,NY,No recent orders
Arnita Thomas,1,4799.98,0.2,931,1.0,Electric Bikes,NY,No recent orders
Aron Wiggins,1,10047.42,0.125,390,0.97,Comfort Bicycles,NY,No recent orders
Arvilla Weiss,1,3015.9700000000003,0.060000000000000005,560,1.0,Cruisers Bicycles,NY,No recent orders
Ashely Holmes,1,391.99,0.2,680,1.0,Children Bicycles,NY,No recent orders
Ashlee Pena,1,17305.93,0.13,709,0.99,Mountain Bikes,NY,No recent orders
Ashleigh Finch,1,5024.16,0.1375,790,1.0,Comfort Bicycles,NY,No recent orders
Ashleigh Frank,1,5219.98,0.1,559,0.99,Mountain Bikes,NY,No recent orders
Ashlie Parrish,1,655.98,0.2,865,1.0,Cruisers Bicycles,NY,No recent orders
Ashton Lott,1,2635.12,0.085,1075,1.0,Cruisers Bicycles,NY,No recent orders
Aubrey Durham,1,5565.5599999999995,0.1,992,1.0,Cruisers Bicycles,NY,No recent orders
Augustus Schmidt,1,1272.78,0.2,796,1.0,Cruisers Bicycles,NY,No recent orders
Augustus Steele,1,519.98,0.2,556,1.0,Children Bicycles,NY,No recent orders
Ayanna Cherry,1,16950.07,0.08,696,1.0,Road Bikes,NY,No recent orders
Ayanna Rhodes,1,914.96,0.16666666666666666,809,0.99,Children Bicycles,NY,No recent orders
Babara Ochoa,1,2963.98,0.05,527,1.0,Electric Bikes,NY,No recent orders
Bao Wade,1,2793.04,0.135,780,0.99,Comfort Bicycles,TX,No recent orders
Barbera Riggs,1,7486.32,0.14250000000000002,498,1.0,Cruisers Bicycles,NY,No recent orders
Barbra Dickerson,1,7520.030000000001,0.10800000000000001,713,1.0,Mountain Bikes,CA,No recent orders
Barrett Sanders,1,9385.099999999999,0.05666666666666667,945,0.99,Comfort Bicycles,TX,No recent orders
Barry Buckner,1,1467.95,0.12333333333333334,524,1.0,Children Bicycles,NY,No recent orders
Bart Hess,1,1331.97,0.135,830,0.99,Children Bicycles,NY,No recent orders
Barton Cox,1,3328.06,0.07250000000000001,808,1.0,Cruisers Bicycles,NY,No recent orders
Barton Crosby,1,7526.029999999999,0.0925,433,0.99,Comfort Bicycles,NY,No recent orders
Basil Ballard,1,1553.96,0.13333333333333333,535,1.0,Children Bicycles,CA,No recent orders
Basilia Thornton,1,9408.779999999999,0.0975,818,1.0,Children Bicycles,NY,No recent orders
Bea Kane,1,2643.24,0.08,487,1.0,Cruisers Bicycles,NY,No recent orders
Beatris Joyner,1,4665.54,0.13,776,1.0,Cruisers Bicycles,NY,No recent orders
Bee Baker,1,2329.5699999999997,0.2,840,1.0,Cruisers Bicycles,NY,No recent orders
Ben Stone,1,923.0699999999999,0.085,1027,1.0,Children Bicycles,NY,No recent orders
Benito Hendrix,1,9645.38,0.085,471,0.99,Cruisers Bicycles,NY,No recent orders
Benny Bender,1,502.18,0.07,910,1.0,Children Bicycles,NY,No recent orders
Berna Moore,1,949.99,0.05,503,1.0,Mountain Bikes,NY,No recent orders
Bernardina Cooper,1,12867.949999999999,0.16666666666666666,423,0.97,Children Bicycles,NY,No recent orders
Bernetta Marquez,1,10322.97,0.07,670,0.99,Mountain Bikes,NY,No recent orders
Bernetta Summers,1,773.98,0.085,891,1.0,Children Bicycles,TX,No recent orders
Beryl Bennett,1,1301.47,0.05,535,0.99,Cruisers Bicycles,CA,No recent orders
Bethany Herring,1,6794.08,0.1,774,1.0,Cyclocross Bicycles,NY,No recent orders
Bettie Glover,1,8740.96,0.13333333333333333,550,1.0,Cruisers Bicycles,TX,No recent orders
Bettie Pierce,1,8392.94,0.0675,659,1.0,Mountain Bikes,NY,No recent orders
Bettyann Acosta,1,611.98,0.1,676,1.0,Children Bicycles,NY,No recent orders
Bettye Espinoza,1,5627.949999999999,0.15,419,1.0,Children Bicycles,NY,No recent orders
Birdie Kramer,1,1382.97,0.07500000000000001,813,1.0,Comfort Bicycles,NY,No recent orders
Blanca Hooper,1,6602.94,0.17,653,1.0,Children Bicycles,NY,No recent orders
Bobbi Banks,1,4746.63,0.085,777,1.0,Cyclocross Bicycles,NY,No recent orders
Bonita Marshall,1,3359.74,0.13,846,1.0,Mountain Bikes,NY,No recent orders
Boyce Burks,1,1600.0900000000001,0.0925,699,1.0,Cruisers Bicycles,NY,No recent orders
Boyd Irwin,1,3271.8100000000004,0.08333333333333333,864,1.0,Cruisers Bicycles,NY,No recent orders
Brain Skinner,1,1694.05,0.11750000000000001,869,1.0,Cruisers Bicycles,TX,No recent orders
Brenda Tate,1,4616.01,0.1,971,1.0,Cruisers Bicycles,TX,No recent orders
Brent Calderon,1,502.18,0.07,822,1.0,Cruisers Bicycles,TX,No recent orders
Brenton Whitaker,1,3439.94,0.06666666666666667,752,1.0,Comfort Bicycles,NY,No recent orders
Brianna Moss,1,3751.87,0.13333333333333333,983,1.0,Mountain Bikes,NY,No recent orders
Brianne Hays,1,3722.9799999999996,0.15000000000000002,453,1.0,Electric Bikes,CA,No recent orders
Brigida Larson,1,8062.12,0.10400000000000001,1030,1.0,Cruisers Bicycles,CA,No recent orders
Brittney Rojas,1,7601.15,0.10400000000000001,823,1.0,Cruisers Bicycles,NY,No recent orders
Brittni Green,1,8570.96,0.1625,630,1.0,Mountain Bikes,NY,No recent orders
Bronwyn Vargas,1,3589.56,0.15000000000000002,1044,1.0,Comfort Bicycles,NY,No recent orders
Bryce Monroe,1,474.99,0.05,1021,1.0,Comfort Bicycles,NY,No recent orders
Buford Bridges,1,6155.959999999999,0.12333333333333334,775,1.0,Mountain Bikes,NY,No recent orders
Buford Gilbert,1,9044.919999999998,0.13,465,0.99,Children Bicycles,NY,No recent orders
Burma Summers,1,569.99,0.05,1023,1.0,Comfort Bicycles,NY,No recent orders
Calandra Stanton,1,2100.92,0.07500000000000001,1041,1.0,Mountain Bikes,TX,No recent orders
Caleb England,1,7339.41,0.10200000000000001,708,1.0,Children Bicycles,CA,No recent orders
Cami Williamson,1,1233.67,0.07333333333333335,428,1.0,Comfort Bicycles,NY,No recent orders
Camila Carroll,1,3292.0,0.05800000000000001,559,1.0,Cruisers Bicycles,TX,No recent orders
Camille Harvey,1,3463.54,0.12333333333333334,904,1.0,Mountain Bikes,NY,No recent orders
Candelaria Coffey,1,14735.41,0.074,644,0.98,Cruisers Bicycles,NY,No recent orders
Candis Harding,1,2548.9700000000003,0.11400000000000002,431,1.0,Cruisers Bicycles,NY,No recent orders
Caridad Compton,1,8945.74,0.17500000000000002,369,0.76,Road Bikes,CA,No recent orders
Carie Kidd,1,5431.89,0.12000000000000002,992,1.0,Cruisers Bicycles,NY,No recent orders
Carina Lynch,1,2707.82,0.092,515,1.0,Children Bicycles,NY,No recent orders
Carisa Carpenter,1,3239.98,0.1,813,1.0,Mountain Bikes,TX,No recent orders
Carissa Cross,1,5404.049999999999,0.10666666666666667,1065,1.0,Children Bicycles,NY,No recent orders
Carissa Foreman,1,170.99,0.1,615,1.0,Children Bicycles,NY,No recent orders
Carita Salinas,1,10792.24,0.11666666666666668,653,1.0,Comfort Bicycles,NY,No recent orders
Carlena Salinas,1,2915.1,0.15666666666666668,905,1.0,Comfort Bicycles,NY,No recent orders
Carlie Terrell,1,2133.92,0.128,838,1.0,Cruisers Bicycles,NY,No recent orders
Carman Hardy,1,2465.45,0.13,947,0.99,Comfort Bicycles,NY,No recent orders
Carmela Hays,1,4186.52,0.11000000000000001,733,1.0,Children Bicycles,CA,No recent orders
Carmelina Sellers,1,7157.349999999999,0.06333333333333334,685,0.99,Road Bikes,NY,No recent orders
Carmina Emerson,1,4497.58,0.09000000000000001,847,1.0,Comfort Bicycles,CA,No recent orders
Carola Johns,1,674.99,0.1,892,0.99,Mountain Bikes,CA,No recent orders
Carola Mcpherson,1,396.14,0.05,632,1.0,Comfort Bicycles,NY,No recent orders
Caroline Jenkins,1,170.99,0.1,444,1.0,Children Bicycles,TX,No recent orders
Carolyne Conley,1,1692.5700000000002,0.07,704,1.0,Cruisers Bicycles,NY,No recent orders
Carroll Kelly,1,431.98,0.2,974,1.0,Children Bicycles,NY,No recent orders
Carson Macias,1,7747.73,0.1375,692,1.0,Children Bicycles,NY,No recent orders
Carter Bentley,1,4318.0,0.064,563,1.0,Children Bicycles,NY,No recent orders
Carter Booth,1,1416.5700000000002,0.1,392,1.0,Comfort Bicycles,NY,No recent orders
Casey Gill,1,6902.46,0.1375,1035,1.0,Cruisers Bicycles,NY,No recent orders
Casimira Chapman,1,8200.72,0.084,752,1.0,Mountain Bikes,NY,No recent orders
Cassidy Clark,1,633.62,0.125,371,0.99,Children Bicycles,NY,No recent orders
Cassie Cline,1,6987.24,0.124,516,1.0,Cruisers Bicycles,NY,No recent orders
Cassondra Pruitt,1,269.99,0.1,581,1.0,Children Bicycles,NY,No recent orders
Catarina Mendez,1,9908.46,0.10500000000000001,420,0.99,Comfort Bicycles,NY,No recent orders
Catherine Miles,1,1635.54,0.11333333333333334,535,1.0,Children Bicycles,NY,No recent orders
Cathey Lamb,1,1984.0700000000002,0.11666666666666665,1051,1.0,Comfort Bicycles,NY,No recent orders
Catrice Hicks,1,3475.84,0.07250000000000001,1037,1.0,Cruisers Bicycles,CA,No recent orders
Cecelia Gill,1,1101.68,0.15000000000000002,555,1.0,Cruisers Bicycles,TX,No recent orders
Cecil Hopper,1,6961.09,0.060000000000000005,935,1.0,Cruisers Bicycles,NY,No recent orders
Cecilia Camacho,1,7971.22,0.078,550,1.0,Children Bicycles,TX,No recent orders
Celestine Kent,1,10998.02,0.12000000000000002,426,1.0,Cruisers Bicycles,NY,No recent orders
Cesar Wilkins,1,1806.41,0.07333333333333335,1050,1.0,Cruisers Bicycles,CA,No recent orders
Chanel May,1,1904.45,0.15,1058,1.0,Children Bicycles,NY,No recent orders
Chantay Maynard,1,7327.03,0.128,496,1.0,Cruisers Bicycles,NY,No recent orders
Chantell Bridges,1,11993.97,0.07500000000000001,594,1.0,Cruisers Bicycles,NY,No recent orders
Charise Burt,1,1250.8600000000001,0.10666666666666667,368,0.99,Cruisers Bicycles,CA,No recent orders
Charleen Hurst,1,1490.29,0.135,902,1.0,Children Bicycles,NY,No recent orders
Charleen Joyner,1,1585.15,0.11666666666666668,667,1.0,Children Bicycles,NY,No recent orders
Charlene Norris,1,6764.57,0.07333333333333335,741,1.0,Cruisers Bicycles,NY,No recent orders
Charlesetta Soto,1,3302.1699999999996,0.135,610,1.0,Cruisers Bicycles,NY,No recent orders
Charlsie Carson,1,512.98,0.05,828,1.0,Cruisers Bicycles,NY,No recent orders
Charlyn Cantrell,1,4534.38,0.16666666666666666,900,1.0,Cruisers Bicycles,NY,No recent orders
Charmain Webster,1,17834.96,0.08,406,0.99,Mountain Bikes,TX,No recent orders
Chasidy Tran,1,5080.62,0.0875,851,1.0,Cruisers Bicycles,CA,No recent orders
Chasidy Webster,1,959.98,0.2,564,0.97,Cruisers Bicycles,CA,No recent orders
Chauncey Donaldson,1,4762.46,0.08,691,1.0,Mountain Bikes,NY,No recent orders
Chelsey Boyd,1,6332.94,0.08,1016,1.0,Cruisers Bicycles,TX,No recent orders
Chelsey Hardin,1,9211.52,0.08333333333333333,904,1.0,Cruisers Bicycles,NY,No recent orders
Chere Alston,1,1139.96,0.05,645,1.0,Children Bicycles,NY,No recent orders
Chere Hardin,1,1165.08,0.06666666666666667,782,1.0,Cruisers Bicycles,NY,No recent orders
Chere Mcfadden,1,6784.95,0.12333333333333334,820,1.0,Mountain Bikes,NY,No recent orders
Cheree Hale,1,5122.34,0.16,519,1.0,Comfort Bicycles,NY,No recent orders
Cherelle Key,1,1052.96,0.07500000000000001,520,1.0,Children Bicycles,NY,No recent orders
Cheryll Snyder,1,1745.96,0.1,821,1.0,Comfort Bicycles,NY,No recent orders
Chloe Patel,1,1367.09,0.07,578,1.0,Mountain Bikes,CA,No recent orders
Christel Barber,1,8816.949999999999,0.09000000000000001,772,1.0,Mountain Bikes,CA,No recent orders
Christel Cardenas,1,1022.98,0.07,867,1.0,Comfort Bicycles,NY,No recent orders
Christia Carson,1,3658.1800000000003,0.07500000000000001,705,1.0,Cruisers Bicycles,TX,No recent orders
Christia Wilkins,1,1543.76,0.07,1042,1.0,Children Bicycles,NY,No recent orders
Christiana Gross,1,4299.95,0.15,860,1.0,Mountain Bikes,NY,No recent orders
Christiane Bradford,1,8376.919999999998,0.05500000000000001,863,1.0,Mountain Bikes,NY,No recent orders
Christoper Gould,1,1006.98,0.05,902,1.0,Cruisers Bicycles,NY,No recent orders
Christoper Mccall,1,11462.59,0.08,928,1.0,Mountain Bikes,NY,No recent orders
Ciera Koch,1,5557.32,0.134,690,0.99,Comfort Bicycles,TX,No recent orders
Ciera Webb,1,629.98,0.1,508,0.99,Children Bicycles,NY,No recent orders
Cinda Rocha,1,7482.129999999999,0.10500000000000001,877,1.0,Children Bicycles,CA,No recent orders
Cindi Ellis,1,758.98,0.135,991,1.0,Children Bicycles,NY,No recent orders
Cindi Larson,1,20177.739999999998,0.08,552,0.97,Mountain Bikes,NY,No recent orders
Cindie Franklin,1,4633.85,0.098,1036,1.0,Children Bicycles,CA,No recent orders
Cira Downs,1,2214.05,0.08,788,1.0,Cruisers Bicycles,CA,No recent orders
Clare Neal,1,2357.96,0.10500000000000001,398,0.99,Mountain Bikes,NY,No recent orders
Claris Santiago,1,5231.85,0.05500000000000001,633,1.0,Comfort Bicycles,NY,No recent orders
Clarita Curry,1,242.99,0.1,965,1.0,Cruisers Bicycles,NY,No recent orders
Claudio Wise,1,3646.9799999999996,0.135,553,1.0,Children Bicycles,NY,No recent orders
Clelia Workman,1,4571.07,0.09000000000000001,860,1.0,Cruisers Bicycles,NY,No recent orders
Clementina Sargent,1,1208.48,0.125,631,1.0,Cruisers Bicycles,NY,No recent orders
Clementine Mooney,1,199.99,0.2,633,1.0,Children Bicycles,TX,No recent orders
Cleopatra Tate,1,12909.91,0.134,503,0.99,Children Bicycles,NY,No recent orders
Clorinda Donovan,1,7932.94,0.1,873,0.99,Comfort Bicycles,NY,No recent orders
Coleen Navarro,1,10728.429999999998,0.12000000000000002,453,0.99,Children Bicycles,NY,No recent orders
Coleman Boyd,1,6412.549999999999,0.10500000000000001,599,1.0,Cruisers Bicycles,TX,No recent orders
Collen Dennis,1,4195.299999999999,0.13,693,1.0,Children Bicycles,CA,No recent orders
Collen Hayes,1,2113.58,0.2,736,1.0,Mountain Bikes,NY,No recent orders
Collene Knox,1,12541.76,0.085,650,0.98,Cruisers Bicycles,TX,No recent orders
Collene Roman,1,6578.96,0.11333333333333334,622,1.0,Mountain Bikes,NY,No recent orders
Collin Webster,1,861.01,0.085,680,1.0,Comfort Bicycles,NY,No recent orders
Conception Slater,1,5478.94,0.13,860,1.0,Cruisers Bicycles,NY,No recent orders
Conchita Boone,1,5851.92,0.074,641,0.99,Road Bikes,NY,No recent orders
Conrad Mueller,1,5925.469999999999,0.135,574,1.0,Children Bicycles,NY,No recent orders
Consuela Collier,1,15455.619999999999,0.06200000000000001,719,1.0,Mountain Bikes,NY,No recent orders
Consuela Romero,1,1599.98,0.2,495,1.0,Mountain Bikes,NY,No recent orders
Corene Swanson,1,426.55,0.05,1066,1.0,Cruisers Bicycles,NY,No recent orders
Cori Schwartz,1,12400.84,0.12000000000000002,496,1.0,Mountain Bikes,NY,No recent orders
Corina Lynch,1,2672.69,0.06333333333333334,850,1.0,Mountain Bikes,NY,No recent orders
Corine Stuart,1,2801.92,0.15000000000000002,1055,1.0,Children Bicycles,NY,No recent orders
Corinna Adams,1,9161.94,0.1,554,0.98,Road Bikes,NY,No recent orders
Corrinne Garrison,1,8481.89,0.14250000000000002,386,1.0,Cruisers Bicycles,TX,No recent orders
Courtney Wyatt,1,7823.929999999999,0.2,498,1.0,Children Bicycles,NY,No recent orders
Cris Dunn,1,8177.049999999999,0.08,920,1.0,Children Bicycles,NY,No recent orders
Cristobal Hutchinson,1,1716.5500000000002,0.06666666666666667,463,1.0,Children Bicycles,CA,No recent orders
Crysta Velez,1,3567.56,0.085,499,0.99,Cruisers Bicycles,TX,No recent orders
Crystle Gilliam,1,4296.18,0.08333333333333333,517,1.0,Cruisers Bicycles,NY,No recent orders
Cyndi Dyer,1,1655.07,0.060000000000000005,534,1.0,Comfort Bicycles,NY,No recent orders
Dacia William,2,2371.45,0.1,991,0.88,Cruisers Bicycles,TX,No recent orders
Dagny Owen,1,5578.129999999999,0.07,897,0.99,Cyclocross Bicycles,TX,No recent orders
Daina Sampson,1,3495.66,0.060000000000000005,878,0.99,Cruisers Bicycles,TX,No recent orders
Daisy Ward,1,6023.949999999999,0.08333333333333333,407,1.0,Comfort Bicycles,CA,No recent orders
Dale Rasmussen,1,4167.84,0.09999999999999999,683,1.0,Children Bicycles,NY,No recent orders
Dalia Carson,1,1509.47,0.12333333333333334,1058,1.0,Cruisers Bicycles,NY,No recent orders
Damian Dawson,1,2069.37,0.07500000000000001,504,0.98,Cruisers Bicycles,NY,No recent orders
Dane Mcdaniel,1,2205.75,0.13,602,1.0,Cruisers Bicycles,NY,No recent orders
Danielle Bond,1,18553.72,0.13,392,0.99,Children Bicycles,NY,No recent orders
Danille Mcfarland,1,5909.61,0.076,1021,1.0,Mountain Bikes,CA,No recent orders
Danilo Holmes,1,1646.38,0.085,968,1.0,Cruisers Bicycles,NY,No recent orders
Dann Huff,1,2653.07,0.08333333333333333,1055,1.0,Comfort Bicycles,NY,No recent orders
Dannette Guerrero,1,7719.95,0.15000000000000002,517,1.0,Cruisers Bicycles,CA,No recent orders
Danny Kim,1,11055.93,0.14,683,1.0,Mountain Bikes,NY,No recent orders
Dante Grimes,1,5114.09,0.085,863,1.0,Cyclocross Bicycles,CA,No recent orders
Danyell Dickerson,1,3018.2799999999997,0.10500000000000001,893,1.0,Children Bicycles,NY,No recent orders
Daphine Willis,1,927.98,0.2,563,1.0,Comfort Bicycles,NY,No recent orders
Darcel Harmon,1,3816.46,0.05666666666666667,815,1.0,Children Bicycles,CA,No recent orders
Darcie Morgan,1,1567.17,0.125,534,1.0,Comfort Bicycles,NY,No recent orders
Darren Witt,1,3223.18,0.2,1066,0.99,Cruisers Bicycles,CA,No recent orders
Davis Long,1,1499.97,0.060000000000000005,769,1.0,Comfort Bicycles,NY,No recent orders
Deandrea Cox,1,4778.02,0.07200000000000001,754,0.99,Children Bicycles,NY,No recent orders
Deandrea Vega,1,3172.4400000000005,0.084,544,1.0,Children Bicycles,NY,No recent orders
Deane Sears,1,5887.34,0.060000000000000005,585,0.99,Mountain Bikes,NY,No recent orders
Deangelo Cooley,1,314.99,0.1,482,1.0,Children Bicycles,NY,No recent orders
Debbra Jacobson,1,1194.28,0.085,601,1.0,Comfort Bicycles,NY,No recent orders
Deja Chaney,1,8561.25,0.154,838,0.98,Mountain Bikes,NY,No recent orders
Delaine Estes,1,799.98,0.2,498,1.0,Comfort Bicycles,TX,No recent orders
Delana Scott,1,1199.98,0.2,786,1.0,Mountain Bikes,NY,No recent orders
Delana Wagner,1,1464.25,0.10500000000000001,480,1.0,Cruisers Bicycles,NY,No recent orders
Delbert Wilkins,1,3810.8199999999997,0.08750000000000001,916,1.0,Mountain Bikes,NY,No recent orders
Delila Hamilton,1,10869.96,0.10666666666666667,698,0.99,Cruisers Bicycles,CA,No recent orders
Delma Bailey,1,5984.98,0.05,594,1.0,Mountain Bikes,CA,No recent orders
Delmar Wise,1,15439.939999999999,0.11333333333333334,701,0.99,Road Bikes,NY,No recent orders
Deloris Larson,1,11479.529999999999,0.14250000000000002,899,0.98,Mountain Bikes,CA,No recent orders
Demarcus Reese,1,3403.8500000000004,0.08333333333333333,872,1.0,Comfort Bicycles,NY,No recent orders
Derrick Marks,1,3563.02,0.10000000000000002,819,1.0,Cruisers Bicycles,CA,No recent orders
Desiree Branch,1,466.84,0.07,441,1.0,Cruisers Bicycles,CA,No recent orders
Destiny Goodman,1,1240.18,0.15000000000000002,990,1.0,Children Bicycles,NY,No recent orders
Devin Shaffer,1,1389.77,0.07500000000000001,454,1.0,Comfort Bicycles,NY,No recent orders
Devin Velazquez,1,2469.95,0.1625,1010,1.0,Cruisers Bicycles,NY,No recent orders
Dewayne Herring,1,4921.15,0.13,843,1.0,Mountain Bikes,NY,No recent orders
Dexter Roberts,1,2963.98,0.05,496,1.0,Electric Bikes,NY,No recent orders
Diana Cobb,1,398.97,0.07,813,1.0,Cruisers Bicycles,CA,No recent orders
Diana Reyes,1,1064.68,0.1,465,1.0,Children Bicycles,NY,No recent orders
Dione Pratt,1,494.99,0.1,1002,1.0,Cruisers Bicycles,CA,No recent orders
Dionne Norris,1,6261.95,0.15666666666666668,628,1.0,Comfort Bicycles,NY,No recent orders
Divina Madden,1,3199.99,0.2,945,1.0,Mountain Bikes,NY,No recent orders
Divina Reeves,1,2195.05,0.08,809,1.0,Children Bicycles,NY,No recent orders
Dollie Cervantes,1,11238.65,0.07250000000000001,550,1.0,Children Bicycles,TX,No recent orders
Domingo Casey,1,1311.29,0.07,606,1.0,Mountain Bikes,CA,No recent orders
Donette Mccarthy,1,9274.96,0.11333333333333334,650,1.0,Comfort Bicycles,CA,No recent orders
Donnetta Henson,1,3860.1400000000003,0.10500000000000001,680,1.0,Mountain Bikes,NY,No recent orders
Donovan Cantrell,1,3126.64,0.07,959,1.0,Cyclocross Bicycles,CA,No recent orders
Doreatha Ford,1,959.98,0.2,700,1.0,Comfort Bicycles,NY,No recent orders
Dori Alvarez,1,1949.63,0.13,446,1.0,Cruisers Bicycles,NY,No recent orders
Dorine Thornton,1,2834.84,0.07250000000000001,459,1.0,Children Bicycles,NY,No recent orders
Doris Kaufman,1,3167.95,0.10500000000000001,579,1.0,Mountain Bikes,CA,No recent orders
Dorothea Miranda,1,3243.75,0.07333333333333335,688,0.99,Comfort Bicycles,CA,No recent orders
Dorthea Walker,1,12965.74,0.11333333333333334,873,0.98,Cruisers Bicycles,NY,No recent orders
Dottie Roberts,1,6654.469999999999,0.10666666666666667,688,1.0,Cyclocross Bicycles,NY,No recent orders
Douglas Richards,1,417.99,0.05,569,1.0,Cruisers Bicycles,NY,No recent orders
Douglass Blankenship,1,1951.3400000000001,0.12333333333333334,437,0.98,Children Bicycles,NY,No recent orders
Douglass Little,1,3092.94,0.08,840,1.0,Cruisers Bicycles,CA,No recent orders
Drucilla Gilliam,1,6265.95,0.11666666666666668,1077,1.0,Children Bicycles,CA,No recent orders
Dung King,1,4115.969999999999,0.085,622,1.0,Cruisers Bicycles,NY,No recent orders
Dwain Carlson,1,8309.439999999999,0.08,677,1.0,Children Bicycles,NY,No recent orders
Earl Stanley,1,5315.9,0.0925,376,0.99,Children Bicycles,NY,No recent orders
Earline Ballard,1,1599.98,0.2,761,1.0,Mountain Bikes,NY,No recent orders
Earline Gordon,1,3126.64,0.07,939,1.0,Cyclocross Bicycles,NY,No recent orders
Ebony Cotton,1,2333.35,0.1375,555,1.0,Cruisers Bicycles,NY,No recent orders
Edda Young,1,3238.96,0.06333333333333334,1003,0.99,Cruisers Bicycles,NY,No recent orders
Edgar Horn,1,847.98,0.2,754,1.0,Cruisers Bicycles,NY,No recent orders
Edgar Quinn,1,7993.86,0.125,1073,0.99,Cyclocross Bicycles,TX,No recent orders
Edith Davenport,1,1243.78,0.15666666666666668,368,0.97,Cruisers Bicycles,CA,No recent orders
Edmund Gaines,1,989.98,0.1,593,1.0,Cruisers Bicycles,TX,No recent orders
Edra Fitzgerald,1,2297.75,0.1375,524,1.0,Mountain Bikes,NY,No recent orders
Edris Barrett,1,17494.93,0.1375,450,0.95,Road Bikes,NY,No recent orders
Edythe Valencia,1,10949.939999999999,0.11333333333333334,598,1.0,Comfort Bicycles,NY,No recent orders
Effie Jenkins,1,5768.21,0.10666666666666667,546,0.99,Cruisers Bicycles,NY,No recent orders
Efren Oliver,1,11463.949999999999,0.16666666666666666,417,0.98,Children Bicycles,NY,No recent orders
Efren Whitfield,1,3110.85,0.11750000000000001,493,0.99,Mountain Bikes,TX,No recent orders
Ehtel Cobb,1,3105.96,0.12333333333333334,576,1.0,Cruisers Bicycles,NY,No recent orders
Elaina Key,1,6929.1,0.08,516,1.0,Children Bicycles,NY,No recent orders
Elana Miles,1,1530.96,0.07500000000000001,1066,1.0,Cruisers Bicycles,NY,No recent orders
Elanor Patrick,1,2136.5299999999997,0.05,588,1.0,Children Bicycles,TX,No recent orders
Eldridge Greer,1,386.1,0.1,1064,1.0,Cruisers Bicycles,NY,No recent orders
Eleanor Mendez,1,4829.18,0.11666666666666665,400,1.0,Cruisers Bicycles,NY,No recent orders
Elease Dejesus,1,1217.26,0.11666666666666668,609,1.0,Cruisers Bicycles,NY,No recent orders
Eleni Gordon,1,8587.39,0.1,1074,1.0,Mountain Bikes,NY,No recent orders
Elenore Hensley,1,4789.73,0.07250000000000001,427,1.0,Cruisers Bicycles,NY,No recent orders
Elenore William,1,4334.049999999999,0.1625,671,1.0,Children Bicycles,TX,No recent orders
Eli Contreras,1,8550.05,0.05666666666666667,948,1.0,Mountain Bikes,NY,No recent orders
Eliana Reese,1,11035.84,0.1375,584,1.0,Cruisers Bicycles,NY,No recent orders
Eliana Silva,1,4236.34,0.0975,399,1.0,Children Bicycles,NY,No recent orders
Eliseo Knight,1,5220.469999999999,0.08,623,1.0,Children Bicycles,NY,No recent orders
Eliz Lynch,1,2319.99,0.2,849,1.0,Mountain Bikes,NY,No recent orders
Eliz Whitney,1,1662.0500000000002,0.07333333333333335,431,1.0,Children Bicycles,CA,No recent orders
Ellena Clements,1,7568.049999999999,0.08,1045,1.0,Comfort Bicycles,CA,No recent orders
Ellsworth Michael,1,4030.05,0.0975,1084,1.0,Cruisers Bicycles,NY,No recent orders
Elma Molina,1,7111.03,0.08,681,1.0,Children Bicycles,NY,No recent orders
Elmo Arnold,1,557.99,0.07,819,1.0,Comfort Bicycles,NY,No recent orders
Elmo Sweeney,1,2518.14,0.15666666666666668,371,0.98,Children Bicycles,CA,No recent orders
Elnora Simpson,1,15416.15,0.07200000000000001,699,1.0,Children Bicycles,NY,No recent orders
Eloisa Tucker,1,3377.9700000000003,0.125,459,1.0,Cruisers Bicycles,NY,No recent orders
Elouise Fry,1,10866.96,0.05666666666666667,1017,0.99,Mountain Bikes,CA,No recent orders
Elvia Cardenas,1,6978.71,0.08800000000000001,702,1.0,Mountain Bikes,NY,No recent orders
Elvina Gates,1,2780.54,0.1,378,0.98,Cruisers Bicycles,CA,No recent orders
Emelda Dickerson,1,1422.48,0.11666666666666668,498,1.0,Children Bicycles,NY,No recent orders
Emmaline Huber,1,10563.64,0.125,906,0.99,Cyclocross Bicycles,NY,No recent orders
Emmett Casey,1,3194.08,0.1,516,1.0,Cruisers Bicycles,NY,No recent orders
Enoch Rosario,1,4776.04,0.07333333333333335,804,1.0,Cruisers Bicycles,CA,No recent orders
Eric Hardin,1,2065.98,0.135,528,0.99,Cruisers Bicycles,NY,No recent orders
Erlene Cook,1,359.2,0.2,1008,1.0,Cruisers Bicycles,NY,No recent orders
Erlinda Humphrey,1,11588.64,0.094,596,0.99,Children Bicycles,NY,No recent orders
Erlinda Nielsen,1,6034.959999999999,0.135,972,0.99,Mountain Bikes,NY,No recent orders
Erlinda Osborne,1,479.99,0.2,805,1.0,Comfort Bicycles,NY,No recent orders
Ernest Rollins,1,10360.25,0.13,821,1.0,Mountain Bikes,NY,No recent orders
Ernestina Skinner,1,4991.959999999999,0.15,891,1.0,Mountain Bikes,NY,No recent orders
Ethelyn Ray,1,1276.97,0.15000000000000002,929,1.0,Comfort Bicycles,NY,No recent orders
Etsuko Garrison,1,2827.94,0.15666666666666668,831,1.0,Comfort Bicycles,NY,No recent orders
Eun Harris,1,660.59,0.07500000000000001,740,0.99,Children Bicycles,CA,No recent orders
Euna Lopez,1,8763.96,0.12333333333333334,1048,1.0,Mountain Bikes,NY,No recent orders
Evelin Vargas,1,1328.65,0.05666666666666667,813,1.0,Children Bicycles,NY,No recent orders
Evelina Byrd,1,1754.14,0.1125,635,0.99,Children Bicycles,NY,No recent orders
Evelina Manning,1,4617.75,0.16666666666666666,953,1.0,Mountain Bikes,NY,No recent orders
Everett Vega,1,1304.97,0.15000000000000002,404,1.0,Children Bicycles,NY,No recent orders
Ezra Fowler,1,2958.3,0.07,926,0.99,Cyclocross Bicycles,NY,No recent orders
Ezra Silva,1,1765.13,0.07,1010,1.0,Cruisers Bicycles,NY,No recent orders
Farrah Orr,1,7900.43,0.0675,790,1.0,Children Bicycles,NY,No recent orders
Faustino Delacruz,1,2346.66,0.05666666666666667,938,1.0,Mountain Bikes,NY,No recent orders
Felica Munoz,1,10186.619999999999,0.11000000000000001,606,0.99,Mountain Bikes,NY,No recent orders
Felicidad Golden,1,10794.349999999999,0.0675,721,1.0,Cruisers Bicycles,NY,No recent orders
Ferne Kline,1,1837.47,0.060000000000000005,847,1.0,Comfort Bicycles,CA,No recent orders
Florencio Davenport,1,3191.95,0.05000000000000001,645,1.0,Children Bicycles,NY,No recent orders
Floretta Higgins,1,7681.119999999999,0.135,748,1.0,Cyclocross Bicycles,NY,No recent orders
Florrie Little,1,9919.91,0.12000000000000002,505,0.98,Cruisers Bicycles,NY,No recent orders
Flossie Holder,1,10269.849999999999,0.11400000000000002,664,1.0,Mountain Bikes,NY,No recent orders
Fransisca Nicholson,1,2942.9799999999996,0.1,955,0.99,Children Bicycles,CA,No recent orders
Freddie Mathis,1,1755.3700000000001,0.07500000000000001,664,1.0,Cruisers Bicycles,TX,No recent orders
Gabriel Pitts,1,512.98,0.05,887,1.0,Children Bicycles,NY,No recent orders
Gabriel Wagner,1,4196.02,0.092,1050,1.0,Children Bicycles,NY,No recent orders
Gabriela Warren,1,7345.73,0.11750000000000001,907,0.99,Comfort Bicycles,NY,No recent orders
Gabriella Jones,1,999.48,0.125,617,1.0,Children Bicycles,NY,No recent orders
Garland Weaver,1,3074.2,0.12,891,1.0,Cruisers Bicycles,NY,No recent orders
Garret Clay,1,3346.0299999999997,0.060000000000000005,379,0.99,Comfort Bicycles,TX,No recent orders
Garry Juarez,1,1805.96,0.15000000000000002,593,1.0,Comfort Bicycles,NY,No recent orders
Garth Huff,1,2881.14,0.07,865,1.0,Cyclocross Bicycles,CA,No recent orders
Gayle Wilkinson,1,512.98,0.05,791,1.0,Children Bicycles,NY,No recent orders
Gena Owens,1,8299.96,0.125,1012,0.99,Mountain Bikes,TX,No recent orders
Genevie Miles,1,1850.0500000000002,0.12333333333333334,396,1.0,Cruisers Bicycles,NY,No recent orders
Genevieve Juarez,1,4890.36,0.12333333333333334,849,1.0,Cruisers Bicycles,NY,No recent orders
Genny Fields,1,2615.9700000000003,0.2,484,1.0,Comfort Bicycles,NY,No recent orders
Genny Hensley,1,4507.61,0.07333333333333335,564,1.0,Comfort Bicycles,CA,No recent orders
Genoveva Lloyd,1,5333.33,0.07500000000000001,558,0.97,Road Bikes,NY,No recent orders
Genoveva Tyler,1,4125.55,0.11666666666666668,764,1.0,Cruisers Bicycles,NY,No recent orders
George Pickett,1,375.99,0.2,813,1.0,Mountain Bikes,NY,No recent orders
Georgeann Rojas,1,3818.2,0.12400000000000003,636,1.0,Children Bicycles,TX,No recent orders
Georgeanna Webster,1,593.99,0.1,366,0.91,Cruisers Bicycles,CA,No recent orders
Georgina Gonzales,1,5417.969999999999,0.085,509,0.97,Cruisers Bicycles,NY,No recent orders
Geraldine O'donnell,1,1441.16,0.13333333333333333,637,1.0,Children Bicycles,NY,No recent orders
Gertha Mejia,1,8109.94,0.17,646,1.0,Mountain Bikes,NY,No recent orders
Gertrude Terry,1,2379.9700000000003,0.125,1043,1.0,Cruisers Bicycles,CA,No recent orders
Ghislaine Compton,1,1754.04,0.0975,734,1.0,Children Bicycles,NY,No recent orders
Gilbert Calhoun,1,15097.9,0.12333333333333334,424,1.0,Cruisers Bicycles,NY,No recent orders
Gilberte Duke,1,13107.43,0.13999999999999999,616,1.0,Mountain Bikes,TX,No recent orders
Gilberto Sanders,1,4497.0,0.085,713,1.0,Children Bicycles,NY,No recent orders
Gilma Dejesus,1,1472.48,0.05,900,0.99,Cruisers Bicycles,NY,No recent orders
Ginette Edwards,1,5225.94,0.1125,935,1.0,Mountain Bikes,NY,No recent orders
Giovanna Jefferson,1,377.98,0.1,630,0.99,Children Bicycles,CA,No recent orders
Giselle Robles,1,692.08,0.085,660,1.0,Children Bicycles,TX,No recent orders
Glady Wells,1,325.49,0.07,486,1.0,Children Bicycles,NY,No recent orders
Grace Madden,1,1450.02,0.08750000000000001,752,0.99,Children Bicycles,CA,No recent orders
Graig Cannon,1,4369.34,0.08750000000000001,581,1.0,Children Bicycles,NY,No recent orders
Graig Roth,1,4318.45,0.10500000000000001,986,1.0,Cruisers Bicycles,NY,No recent orders
Grisel Maynard,1,989.99,0.1,395,1.0,Cruisers Bicycles,NY,No recent orders
Guillermo Hart,1,1516.3400000000001,0.135,800,1.0,Cruisers Bicycles,NY,No recent orders
Gussie Harding,1,1595.66,0.12333333333333334,446,1.0,Comfort Bicycles,NY,No recent orders
Gustavo Gamble,1,4204.52,0.092,474,0.99,Children Bicycles,NY,No recent orders
Gwendolyn Miller,1,11349.949999999999,0.15666666666666668,631,0.98,Children Bicycles,TX,No recent orders
Gwenn Melton,1,1644.51,0.125,1023,1.0,Cruisers Bicycles,NY,No recent orders
Han Schneider,1,1525.16,0.07,1005,1.0,Children Bicycles,NY,No recent orders
Han Wade,1,3763.87,0.05,861,1.0,Cruisers Bicycles,NY,No recent orders
Hans Price,1,256.49,0.05,854,1.0,Cruisers Bicycles,NY,No recent orders
Harold O'connor,1,9725.83,0.10400000000000001,537,1.0,Children Bicycles,CA,No recent orders
Harris Pittman,1,3642.01,0.07250000000000001,998,1.0,Cruisers Bicycles,NY,No recent orders
Hassan Nash,1,3269.9799999999996,0.135,862,1.0,Cruisers Bicycles,NY,No recent orders
Heather Chaney,1,5528.95,0.125,414,1.0,Children Bicycles,NY,No recent orders
Heather Perry,1,718.4,0.2,513,1.0,Cruisers Bicycles,NY,No recent orders
Hee Greer,1,3509.97,0.1,724,0.99,Comfort Bicycles,NY,No recent orders
Heide Reed,1,1582.16,0.085,892,1.0,Comfort Bicycles,NY,No recent orders
Henrietta Wagner,1,3891.51,0.10500000000000001,969,1.0,Cruisers Bicycles,TX,No recent orders
Herlinda Stone,1,7067.959999999999,0.07,523,1.0,Children Bicycles,NY,No recent orders
Hermila Mckay,1,5498.36,0.20000000000000004,540,0.99,Cruisers Bicycles,CA,No recent orders
Herminia Reyes,1,7139.95,0.08333333333333333,848,1.0,Comfort Bicycles,NY,No recent orders
Herta Rollins,1,4464.66,0.11400000000000002,707,1.0,Cruisers Bicycles,CA,No recent orders
Hilary Savage,1,1652.98,0.05,663,1.0,Mountain Bikes,CA,No recent orders
Hilda Harvey,1,6229.12,0.07,832,0.99,Cruisers Bicycles,NY,No recent orders
Hilde Nieves,1,4459.21,0.094,461,1.0,Comfort Bicycles,CA,No recent orders
Hildegarde Christensen,1,2849.99,0.05,826,1.0,Electric Bikes,NY,No recent orders
Hipolito Padilla,1,5062.33,0.134,622,1.0,Children Bicycles,NY,No recent orders
Hollis Rasmussen,1,5709.95,0.09999999999999999,886,0.98,Cruisers Bicycles,NY,No recent orders
Holly Nieves,1,1601.37,0.060000000000000005,668,1.0,Comfort Bicycles,TX,No recent orders
Honey Camacho,1,2200.86,0.11333333333333334,544,1.0,Mountain Bikes,NY,No recent orders
Hope Cotton,1,1238.56,0.13333333333333333,494,1.0,Cruisers Bicycles,CA,No recent orders
Hortencia Graham,1,6815.939999999999,0.12333333333333334,1014,0.99,Children Bicycles,TX,No recent orders
Houston Vasquez,1,2699.99,0.1,761,0.99,Electric Bikes,CA,No recent orders
Hubert Reilly,1,3419.98,0.05,1007,1.0,Mountain Bikes,NY,No recent orders
Hubert Stone,1,10541.96,0.08,676,0.95,Road Bikes,CA,No recent orders
Hue Dalton,1,799.99,0.2,716,0.98,Mountain Bikes,CA,No recent orders
Hugh Craft,1,1856.0700000000002,0.15000000000000002,565,1.0,Comfort Bicycles,NY,No recent orders
Hye Mercer,1,440.99,0.1,441,1.0,Children Bicycles,NY,No recent orders
Ilda Roberson,1,2379.46,0.08333333333333333,507,1.0,Mountain Bikes,NY,No recent orders
Ileana Holt,1,4499.99,0.1,688,1.0,Electric Bikes,NY,No recent orders
Ilona Spears,1,8712.84,0.11800000000000002,371,0.93,Cruisers Bicycles,NY,No recent orders
India Barron,1,2873.9300000000003,0.15000000000000002,527,1.0,Cruisers Bicycles,NY,No recent orders
Inez Snider,1,1626.78,0.125,960,1.0,Comfort Bicycles,NY,No recent orders
Inga Koch,1,418.49,0.07,589,1.0,Comfort Bicycles,NY,No recent orders
Inge Olsen,1,1759.97,0.2,1058,1.0,Comfort Bicycles,NY,No recent orders
Ingeborg Ellison,1,2867.27,0.16666666666666666,1066,1.0,Comfort Bicycles,NY,No recent orders
Inger Jennings,1,1359.97,0.2,918,1.0,Comfort Bicycles,NY,No recent orders
Inocencia Key,1,4949.99,0.1,480,0.96,Road Bikes,NY,No recent orders
Iola Rasmussen,1,9838.439999999999,0.1,813,1.0,Mountain Bikes,NY,No recent orders
Ira Erickson,1,12392.949999999999,0.09000000000000001,439,0.99,Comfort Bicycles,NY,No recent orders
Ira Moore,1,1402.77,0.15000000000000002,628,1.0,Comfort Bicycles,NY,No recent orders
Irving Pitts,1,8359.21,0.14250000000000002,792,1.0,Cruisers Bicycles,CA,No recent orders
Iva Wilcox,1,5338.950000000001,0.1,880,1.0,Comfort Bicycles,NY,No recent orders
Ivelisse Nixon,1,10951.55,0.1675,464,1.0,Children Bicycles,TX,No recent orders
Ivette Estes,1,1399.97,0.2,738,1.0,Comfort Bicycles,NY,No recent orders
Ivette Warren,1,6335.66,0.11400000000000002,816,0.98,Children Bicycles,NY,No recent orders
Ivonne Yang,1,2371.16,0.060000000000000005,699,0.99,Mountain Bikes,TX,No recent orders
Izola Hobbs,1,3439.45,0.1375,400,0.99,Children Bicycles,NY,No recent orders
Jacalyn Barnett,1,502.19,0.07,412,1.0,Mountain Bikes,NY,No recent orders
Jackeline Colon,1,5342.15,0.13,1075,1.0,Mountain Bikes,NY,No recent orders
Jaimee Day,1,1172.97,0.085,718,1.0,Comfort Bicycles,NY,No recent orders
Jama Rodriquez,1,1818.45,0.1,652,1.0,Children Bicycles,CA,No recent orders
Jamaal Baker,1,1786.46,0.10000000000000002,1061,1.0,Cruisers Bicycles,NY,No recent orders
Jame Riggs,1,2687.1400000000003,0.05666666666666667,898,1.0,Cruisers Bicycles,NY,No recent orders
Jamika Acevedo,1,269.99,0.1,509,1.0,Children Bicycles,NY,No recent orders
Jamika Blanchard,1,4911.43,0.124,955,1.0,Children Bicycles,NY,No recent orders
Janae Doyle,1,3920.6600000000003,0.07500000000000001,473,1.0,Comfort Bicycles,NY,No recent orders
Jane Henderson,1,3793.15,0.16666666666666666,377,1.0,Mountain Bikes,CA,No recent orders
Janella Bright,1,513.35,0.07,657,1.0,Comfort Bicycles,NY,No recent orders
Janelle Maldonado,1,1353.74,0.13333333333333333,439,1.0,Children Bicycles,NY,No recent orders
Janie Herrera,1,11950.47,0.0975,896,0.99,Mountain Bikes,NY,No recent orders
Janine Manning,1,7783.41,0.124,584,1.0,Children Bicycles,NY,No recent orders
Janna Hayden,1,4624.93,0.124,907,1.0,Children Bicycles,TX,No recent orders
Jaqueline Cummings,1,1697.97,0.060000000000000005,1092,1.0,Cruisers Bicycles,NY,No recent orders
Jasmin Young,1,10336.96,0.06333333333333334,690,1.0,Children Bicycles,TX,No recent orders
Jasper Castro,1,557.98,0.07,527,1.0,Cruisers Bicycles,TX,No recent orders
Javier Nichols,1,6872.94,0.0675,833,1.0,Mountain Bikes,TX,No recent orders
Jayme Zamora,1,502.18,0.07,817,1.0,Children Bicycles,NY,No recent orders
Jayson Rutledge,1,6947.94,0.12333333333333334,815,0.99,Cruisers Bicycles,TX,No recent orders
Jeanett Herman,1,962.97,0.1,819,1.0,Children Bicycles,NY,No recent orders
Jeannette Skinner,1,2889.85,0.11333333333333334,389,1.0,Children Bicycles,NY,No recent orders
Jeannie Wilcox,1,1378.18,0.13333333333333333,1045,1.0,Comfort Bicycles,NY,No recent orders
Jeffrey Hill,1,1845.88,0.1,401,1.0,Cruisers Bicycles,NY,No recent orders
Jeffry Church,1,1512.89,0.1,488,1.0,Cyclocross Bicycles,CA,No recent orders
Jenell Crosby,1,524.39,0.05,421,1.0,Comfort Bicycles,NY,No recent orders
Jeni Farley,1,377.98,0.1,556,0.98,Children Bicycles,NY,No recent orders
Jeniffer Ratliff,1,1254.94,0.05,980,0.98,Mountain Bikes,NY,No recent orders
Jenine Crane,1,642.54,0.125,877,1.0,Children Bicycles,TX,No recent orders
Jenise Preston,1,751.98,0.2,645,0.98,Mountain Bikes,TX,No recent orders
Jenna Saunders,1,993.22,0.07,459,1.0,Comfort Bicycles,NY,No recent orders
Jennell Solis,1,391.99,0.2,677,1.0,Cruisers Bicycles,NY,No recent orders
Jennette Baker,1,583.97,0.2,657,0.99,Children Bicycles,CA,No recent orders
Jennette Wooten,1,359.2,0.2,860,1.0,Cruisers Bicycles,TX,No recent orders
Jennie Middleton,1,9474.929999999998,0.14250000000000002,766,0.99,Mountain Bikes,CA,No recent orders
Jenniffer Bullock,1,17746.59,0.07250000000000001,500,0.98,Mountain Bikes,NY,No recent orders
Jenny Bell,1,511.49,0.07,718,1.0,Comfort Bicycles,NY,No recent orders
Jerald Blackwell,1,278.99,0.07,878,0.99,Children Bicycles,NY,No recent orders
Jerome Bolton,1,728.97,0.125,1013,1.0,Children Bicycles,NY,No recent orders
Jeromy Elliott,1,5989.959999999999,0.125,803,1.0,Children Bicycles,NY,No recent orders
Jerri Guthrie,1,4477.17,0.15000000000000002,837,1.0,Mountain Bikes,NY,No recent orders
Jerri Henry,1,1576.78,0.1,496,0.97,Road Bikes,NY,No recent orders
Jesica Fields,1,1800.48,0.07500000000000001,694,0.99,Children Bicycles,NY,No recent orders
Jesus Burch,1,7063.459999999999,0.10666666666666667,610,1.0,Children Bicycles,TX,No recent orders
Jewel Sparks,1,6187.15,0.07333333333333335,786,1.0,Children Bicycles,NY,No recent orders
Jewell Reyes,1,1019.96,0.07500000000000001,403,1.0,Children Bicycles,NY,No recent orders
Ji Burt,1,6319.94,0.10000000000000002,811,1.0,Children Bicycles,CA,No recent orders
Jina Cooper,1,521.98,0.085,1010,1.0,Children Bicycles,NY,No recent orders
Joann Barber,1,1264.98,0.135,942,1.0,Comfort Bicycles,CA,No recent orders
Joe Melton,1,269.99,0.1,662,1.0,Children Bicycles,NY,No recent orders
Joeann Garrison,1,7045.15,0.11750000000000001,936,0.99,Cruisers Bicycles,CA,No recent orders
Johana Jacobson,1,997.1700000000001,0.08,846,1.0,Children Bicycles,NY,No recent orders
Johna Powers,1,599.99,0.2,764,1.0,Mountain Bikes,NY,No recent orders
Johnathan Velazquez,1,10231.039999999999,0.11400000000000002,1092,0.98,Cruisers Bicycles,CA,No recent orders
Joi Reeves,1,4038.5,0.05500000000000001,969,1.0,Cruisers Bicycles,CA,No recent orders
Jong Guthrie,1,1891.1100000000001,0.07333333333333335,752,1.0,Cruisers Bicycles,NY,No recent orders
Joni Lee,1,422.99,0.1,653,1.0,Mountain Bikes,NY,No recent orders
Jonna Brown,1,1394.99,0.07,656,0.99,Mountain Bikes,NY,No recent orders
Josef Greer,1,5925.55,0.135,587,1.0,Cruisers Bicycles,NY,No recent orders
Josephine Dale,1,6712.84,0.11750000000000001,1063,1.0,Mountain Bikes,NY,No recent orders
Josh Shaw,1,5701.1,0.08800000000000001,887,1.0,Cruisers Bicycles,NY,No recent orders
Joshua Berg,1,2069.45,0.10500000000000001,1064,1.0,Cruisers Bicycles,NY,No recent orders
Joshua Robertson,1,1519.98,0.05,1091,1.0,Cruisers Bicycles,NY,No recent orders
Josie Schultz,1,1894.54,0.07500000000000001,817,1.0,Cyclocross Bicycles,CA,No recent orders
Jovita Bishop,1,4436.6,0.082,745,0.99,Comfort Bicycles,NY,No recent orders
Joy Underwood,1,989.98,0.1,453,1.0,Cruisers Bicycles,CA,No recent orders
Judith Finley,1,4397.96,0.0975,579,1.0,Mountain Bikes,NY,No recent orders
Jule Davenport,1,4298.45,0.07333333333333335,450,1.0,Cruisers Bicycles,CA,No recent orders
Julee Woodard,1,1260.97,0.125,808,1.0,Cruisers Bicycles,NY,No recent orders
Julia Joyner,1,3995.62,0.0675,454,1.0,Cruisers Bicycles,NY,No recent orders
Juliane Dillard,1,8394.46,0.11400000000000002,797,0.98,Cruisers Bicycles,CA,No recent orders
Julienne Moody,1,1277.96,0.15000000000000002,552,0.99,Children Bicycles,TX,No recent orders
Julius Holt,1,3489.97,0.135,648,1.0,Comfort Bicycles,NY,No recent orders
Junita Reese,1,242.99,0.1,410,1.0,Cruisers Bicycles,NY,No recent orders
Justa Thompson,1,9927.55,0.0925,828,0.99,Mountain Bikes,NY,No recent orders
Justin Newton,1,2337.46,0.06666666666666667,916,0.99,Cruisers Bicycles,CA,No recent orders
Justina Jenkins,2,6898.099999999999,0.08,637,0.89,Children Bicycles,NY,No recent orders
Justina Long,1,9327.73,0.1125,386,0.99,Children Bicycles,CA,No recent orders
Jutta Everett,1,1127.99,0.2,505,0.99,Mountain Bikes,NY,No recent orders
Kaci Gallegos,1,242.99,0.1,962,1.0,Children Bicycles,NY,No recent orders
Kaila Walters,1,1367.98,0.2,398,1.0,Children Bicycles,NY,No recent orders
Kaley Blanchard,1,6578.919999999999,0.10800000000000001,414,1.0,Children Bicycles,CA,No recent orders
Kallie Best,1,11428.65,0.07,404,1.0,Mountain Bikes,NY,No recent orders
Kam Wilder,1,4094.84,0.135,612,1.0,Cruisers Bicycles,NY,No recent orders
Kami Rios,1,9278.65,0.10500000000000001,825,0.99,Mountain Bikes,CA,No recent orders
Kandace Ayers,1,5004.59,0.11000000000000001,993,1.0,Children Bicycles,CA,No recent orders
Kandace Giles,1,3247.24,0.1375,605,0.99,Comfort Bicycles,NY,No recent orders
Kandace Hughes,1,953.98,0.1,732,1.0,Cruisers Bicycles,CA,No recent orders
Kandi Mcneil,1,1847.06,0.12333333333333334,652,1.0,Cruisers Bicycles,NY,No recent orders
Kandis Mills,1,929.98,0.07,809,1.0,Comfort Bicycles,NY,No recent orders
Kanesha Hudson,1,225.89,0.1,711,0.99,Cruisers Bicycles,CA,No recent orders
Karl Stephens,1,5745.95,0.10500000000000001,626,1.0,Mountain Bikes,NY,No recent orders
Karole Alvarez,1,7159.95,0.11750000000000001,440,0.96,Road Bikes,NY,No recent orders
Karren Lamb,1,569.98,0.05,880,1.0,Children Bicycles,CA,No recent orders
Kasha Sullivan,1,7855.23,0.15,974,1.0,Cruisers Bicycles,NY,No recent orders
Kasie Rodriquez,1,8879.449999999999,0.05666666666666667,998,1.0,Children Bicycles,NY,No recent orders
Kate Barber,1,6495.969999999999,0.07500000000000001,465,1.0,Children Bicycles,NY,No recent orders
Katharine Herrera,1,1455.97,0.15000000000000002,1010,1.0,Cruisers Bicycles,NY,No recent orders
Katheleen Marks,1,879.98,0.2,1032,1.0,Cruisers Bicycles,TX,No recent orders
Kathyrn Bush,1,2011.46,0.06333333333333334,677,1.0,Comfort Bicycles,NY,No recent orders
Katina Mcintosh,1,926.09,0.1,1004,0.99,Comfort Bicycles,CA,No recent orders
Kattie Stevenson,1,2681.15,0.10200000000000001,662,1.0,Children Bicycles,TX,No recent orders
Kecia Olsen,1,3065.9799999999996,0.125,809,1.0,Children Bicycles,CA,No recent orders
Keitha Black,1,824.98,0.07500000000000001,1035,0.99,Children Bicycles,NY,No recent orders
Kellye Campbell,1,6829.5199999999995,0.15,523,1.0,Children Bicycles,NY,No recent orders
Kelsey Noble,1,1407.55,0.085,962,1.0,Cruisers Bicycles,NY,No recent orders
Ken Charles,1,9833.65,0.09000000000000001,437,0.98,Children Bicycles,NY,No recent orders
Kendra Harrington,1,4171.9400000000005,0.144,668,1.0,Cruisers Bicycles,NY,No recent orders
Kenton Hughes,1,2006.06,0.10500000000000001,657,1.0,Cruisers Bicycles,NY,No recent orders
Kermit Bowman,1,7253.61,0.10200000000000001,493,0.98,Comfort Bicycles,TX,No recent orders
Kermit Hyde,1,908.07,0.16666666666666666,615,0.99,Children Bicycles,NY,No recent orders
Kerrie Morton,1,2282.96,0.13333333333333333,582,1.0,Children Bicycles,NY,No recent orders
Kerrie O'neill,1,1139.98,0.05,625,1.0,Cruisers Bicycles,NY,No recent orders
Keturah Massey,1,4765.42,0.10400000000000001,1005,1.0,Mountain Bikes,CA,No recent orders
Keturah Reid,1,7091.93,0.0925,442,1.0,Children Bicycles,TX,No recent orders
Khalilah Robertson,1,2362.16,0.07,661,1.0,Children Bicycles,NY,No recent orders
Kiana Rivera,1,13033.59,0.098,419,0.97,Children Bicycles,NY,No recent orders
Kiara Deleon,1,845.1800000000001,0.15000000000000002,1027,1.0,Cruisers Bicycles,CA,No recent orders
Kim Clark,1,2664.96,0.0675,456,1.0,Children Bicycles,NY,No recent orders
Kimberely Bowen,1,15087.259999999998,0.07333333333333335,662,1.0,Cruisers Bicycles,NY,No recent orders
Kimberley Reynolds,1,4109.0599999999995,0.125,942,1.0,Cruisers Bicycles,NY,No recent orders
Kimberli Cline,1,1619.99,0.1,1037,0.99,Mountain Bikes,NY,No recent orders
Kimbery Nieves,1,5270.9400000000005,0.08,1072,1.0,Comfort Bicycles,CA,No recent orders
Kirstie Vazquez,1,2853.96,0.07500000000000001,955,1.0,Cruisers Bicycles,NY,No recent orders
Klara Kim,1,1804.85,0.13,705,1.0,Children Bicycles,NY,No recent orders
Klara Mosley,1,755.97,0.07500000000000001,801,1.0,Children Bicycles,NY,No recent orders
Klara Stanley,1,16436.059999999998,0.11666666666666668,669,1.0,Cruisers Bicycles,NY,No recent orders
Krissy Ochoa,1,4814.62,0.07200000000000001,470,1.0,Cruisers Bicycles,NY,No recent orders
Kristel Bullock,1,557.99,0.07,985,1.0,Cruisers Bicycles,NY,No recent orders
Kristel Byrd,1,1934.96,0.085,863,1.0,Children Bicycles,NY,No recent orders
Kristen Alvarez,1,888.28,0.085,1052,1.0,Cruisers Bicycles,NY,No recent orders
Kristofer Craig,1,6659.959999999999,0.07333333333333335,847,1.0,Comfort Bicycles,NY,No recent orders
Krystin Marshall,1,1613.3899999999999,0.12333333333333334,537,1.0,Mountain Bikes,NY,No recent orders
Kylee Dickson,1,837.98,0.135,366,0.9,Children Bicycles,NY,No recent orders
Laci Castro,1,1349.98,0.1,698,1.0,Mountain Bikes,NY,No recent orders
Ladawn Downs,1,4067.66,0.10500000000000001,824,1.0,Cruisers Bicycles,TX,No recent orders
Lakenya Oliver,1,1099.48,0.07500000000000001,385,0.98,Children Bicycles,CA,No recent orders
Lamar Bush,1,2093.41,0.0875,377,1.0,Cruisers Bicycles,NY,No recent orders
Lamar Greer,1,2511.46,0.15666666666666668,459,0.99,Cruisers Bicycles,NY,No recent orders
Lanelle Guerra,1,1072.16,0.060000000000000005,971,1.0,Children Bicycles,NY,No recent orders
Lanie Dunn,1,3531.3,0.0975,669,1.0,Cruisers Bicycles,NY,No recent orders
Lanita Burton,1,11406.42,0.1,1079,0.99,Mountain Bikes,CA,No recent orders
Lanora Robbins,1,5600.05,0.14250000000000002,964,1.0,Cruisers Bicycles,NY,No recent orders
Larae Carney,1,10187.939999999999,0.068,620,1.0,Cruisers Bicycles,NY,No recent orders
Larissa Hays,1,5588.34,0.08,875,1.0,Mountain Bikes,NY,No recent orders
Larraine Horn,1,5017.85,0.11000000000000001,636,1.0,Cruisers Bicycles,NY,No recent orders
Lashandra Turner,1,11578.65,0.098,1068,1.0,Comfort Bicycles,NY,No recent orders
Lashawna Richardson,1,11596.42,0.11400000000000002,610,1.0,Comfort Bicycles,NY,No recent orders
Lashunda Cole,1,6591.969999999999,0.2,482,1.0,Mountain Bikes,NY,No recent orders
Latashia Travis,1,7967.41,0.07250000000000001,952,1.0,Comfort Bicycles,CA,No recent orders
Latosha Dalton,1,4877.4,0.1,984,1.0,Cyclocross Bicycles,CA,No recent orders
Latricia Lindsey,1,1174.56,0.135,649,1.0,Children Bicycles,NY,No recent orders
Launa Hull,1,242.99,0.1,1027,1.0,Cruisers Bicycles,TX,No recent orders
Laure Pena,1,16890.14,0.10500000000000001,592,1.0,Children Bicycles,NY,No recent orders
Laureen Barry,1,3859.92,0.12000000000000002,1073,1.0,Mountain Bikes,NY,No recent orders
Laureen Paul,1,2165.08,0.09000000000000001,1089,1.0,Cruisers Bicycles,NY,No recent orders
Laurence Christian,1,2222.87,0.07333333333333335,828,1.0,Comfort Bicycles,NY,No recent orders
Laurette Hebert,1,2309.3,0.06666666666666667,385,1.0,Children Bicycles,NY,No recent orders
Laverna Hernandez,1,4699.95,0.10666666666666667,849,1.0,Comfort Bicycles,NY,No recent orders
Laverne Craft,1,386.1,0.1,1017,1.0,Cruisers Bicycles,NY,No recent orders
Lavette Wright,1,6866.929999999999,0.11750000000000001,1041,1.0,Children Bicycles,NY,No recent orders
Lavinia Cotton,1,753.58,0.2,551,1.0,Comfort Bicycles,NY,No recent orders
Lavona Austin,1,8975.15,0.1625,910,0.99,Cruisers Bicycles,NY,No recent orders
Lavonda Stephenson,1,2208.9700000000003,0.125,706,0.99,Children Bicycles,NY,No recent orders
Lavonne Anderson,1,6744.7699999999995,0.15000000000000002,1006,1.0,Cyclocross Bicycles,NY,No recent orders
Lazaro Moran,1,4422.93,0.16,1053,1.0,Children Bicycles,TX,No recent orders
Le Wood,1,3974.62,0.135,737,0.95,Cruisers Bicycles,NY,No recent orders
Lea Irwin,1,683.07,0.135,892,0.99,Children Bicycles,NY,No recent orders
Lea Key,1,2449.75,0.0975,1081,1.0,Cruisers Bicycles,CA,No recent orders
Lean Stark,1,2008.76,0.07,731,1.0,Comfort Bicycles,CA,No recent orders
Leanna Manning,1,10620.039999999999,0.084,966,1.0,Mountain Bikes,NY,No recent orders
Lecia Hancock,1,989.98,0.1,1018,1.0,Cruisers Bicycles,NY,No recent orders
Lee Dunn,1,12980.93,0.11400000000000002,573,0.99,Cruisers Bicycles,CA,No recent orders
Lee Roman,1,3911.8599999999997,0.06666666666666667,851,1.0,Comfort Bicycles,NY,No recent orders
Leeanne Cross,1,1115.98,0.07,743,1.0,Cruisers Bicycles,NY,No recent orders
Leif Short,1,877.98,0.060000000000000005,556,0.99,Children Bicycles,TX,No recent orders
Leigh Burke,1,7022.959999999999,0.060000000000000005,709,1.0,Children Bicycles,NY,No recent orders
Leila Barr,1,3144.32,0.13,748,1.0,Cruisers Bicycles,NY,No recent orders
Lekisha Pope,1,527.78,0.060000000000000005,428,1.0,Children Bicycles,NY,No recent orders
Lena Mills,1,751.98,0.2,667,1.0,Mountain Bikes,NY,No recent orders
Lenita Bonner,1,2726.49,0.05,765,1.0,Cyclocross Bicycles,CA,No recent orders
Lenore Valdez,1,8009.0199999999995,0.148,638,1.0,Mountain Bikes,NY,No recent orders
Leola Gould,1,613.79,0.07,383,0.98,Cruisers Bicycles,NY,No recent orders
Leone Emerson,1,5779.81,0.08,762,1.0,Cruisers Bicycles,NY,No recent orders
Leonore Dorsey,1,8696.07,0.06666666666666667,995,1.0,Cruisers Bicycles,NY,No recent orders
Leslie Higgins,1,1372.47,0.060000000000000005,1089,1.0,Children Bicycles,NY,No recent orders
Leticia Snyder,1,1692.53,0.14250000000000002,1034,1.0,Children Bicycles,NY,No recent orders
Letisha May,1,9927.2,0.10400000000000001,426,0.98,Cruisers Bicycles,NY,No recent orders
Letitia Franco,1,12433.449999999999,0.10666666666666667,639,0.99,Road Bikes,NY,No recent orders
Letty Cobb,1,8820.14,0.17,393,0.98,Cruisers Bicycles,NY,No recent orders
Lewis Garner,1,3818.29,0.0675,534,1.0,Cruisers Bicycles,NY,No recent orders
Lezlie Lamb,1,10372.09,0.07200000000000001,773,1.0,Children Bicycles,NY,No recent orders
Lezlie Thompson,1,989.98,0.1,822,1.0,Cruisers Bicycles,NY,No recent orders
Lidia Ashley,1,9704.939999999999,0.08800000000000001,698,0.99,Mountain Bikes,NY,No recent orders
Liliana Kerr,1,1841.62,0.08,776,1.0,Cruisers Bicycles,TX,No recent orders
Lillia Gillespie,1,4130.34,0.08750000000000001,453,1.0,Mountain Bikes,NY,No recent orders
Lilliam Nolan,1,242.99,0.1,964,1.0,Cruisers Bicycles,TX,No recent orders
Lina Meadows,1,3720.88,0.13,530,0.99,Comfort Bicycles,NY,No recent orders
Ling Newman,1,5699.98,0.05,392,0.97,Electric Bikes,NY,No recent orders
Lise Alvarado,1,576.79,0.085,498,0.99,Children Bicycles,NY,No recent orders
Lise Hebert,1,5015.7300000000005,0.13,691,1.0,Mountain Bikes,CA,No recent orders
Lizette Ellison,1,836.98,0.07,720,1.0,Cruisers Bicycles,NY,No recent orders
Lloyd Miranda,1,170.99,0.1,487,1.0,Children Bicycles,CA,No recent orders
Loan Graham,1,2228.24,0.0975,586,1.0,Cruisers Bicycles,NY,No recent orders
Lois Steele,1,6152.65,0.06333333333333334,796,0.99,Children Bicycles,NY,No recent orders
Loise Walker,1,3270.23,0.07333333333333335,779,1.0,Cruisers Bicycles,NY,No recent orders
Lolita O'neill,1,2452.94,0.125,542,1.0,Mountain Bikes,NY,No recent orders
Londa Gould,1,6782.33,0.088,554,1.0,Cruisers Bicycles,TX,No recent orders
Loni Duncan,1,1619.99,0.1,1000,0.99,Mountain Bikes,NY,No recent orders
Lonna Franks,1,712.49,0.05,719,0.96,Road Bikes,CA,No recent orders
Loraine Sykes,1,3960.42,0.14,620,1.0,Cruisers Bicycles,NY,No recent orders
Lore Sykes,1,3390.46,0.125,677,1.0,Children Bicycles,NY,No recent orders
Loreen Byers,1,5090.41,0.10400000000000001,765,1.0,Cruisers Bicycles,NY,No recent orders
Loreta Johnston,1,14172.21,0.09000000000000001,562,0.99,Mountain Bikes,NY,No recent orders
Lorraine Marks,1,14141.329999999998,0.14250000000000002,584,0.98,Children Bicycles,CA,No recent orders
Lorrie Justice,1,2042.06,0.09000000000000001,785,1.0,Children Bicycles,CA,No recent orders
Lorrie Pollard,1,7439.98,0.07,980,0.99,Mountain Bikes,NY,No recent orders
Lory Berg,1,4169.98,0.085,805,1.0,Comfort Bicycles,NY,No recent orders
Lory Page,1,4214.969999999999,0.11333333333333334,800,0.99,Children Bicycles,NY,No recent orders
Loyce Conway,1,3015.31,0.08,732,1.0,Children Bicycles,NY,No recent orders
Lucas Estes,1,7105.7699999999995,0.08800000000000001,794,1.0,Mountain Bikes,CA,No recent orders
Luciana Mcgee,1,167.99,0.2,579,1.0,Children Bicycles,NY,No recent orders
Luciano Marsh,1,1999.3400000000001,0.15666666666666668,626,0.99,Children Bicycles,NY,No recent orders
Lucile Manning,1,2032.44,0.07500000000000001,407,1.0,Children Bicycles,CA,No recent orders
Lucilla Williams,1,949.1700000000001,0.085,453,1.0,Children Bicycles,CA,No recent orders
Lucio Sherman,1,6672.29,0.098,494,1.0,Cruisers Bicycles,NY,No recent orders
Luis Tyler,1,2749.34,0.12333333333333334,499,1.0,Children Bicycles,TX,No recent orders
Luke Fuller,1,1709.3600000000001,0.10666666666666667,848,1.0,Cruisers Bicycles,NY,No recent orders
Luke Kramer,1,12420.7,0.13,1032,0.98,Cruisers Bicycles,NY,No recent orders
Lurlene Finch,1,1829.6599999999999,0.10250000000000001,608,1.0,Cruisers Bicycles,NY,No recent orders
Lurline Rivers,1,1708.37,0.10666666666666667,931,1.0,Comfort Bicycles,NY,No recent orders
Lynda Newman,1,1868.96,0.085,418,1.0,Mountain Bikes,NY,No recent orders
Lynn Mcmahon,1,683.07,0.135,965,1.0,Cruisers Bicycles,NY,No recent orders
Lynne Anderson,1,2090.66,0.094,879,1.0,Cruisers Bicycles,TX,No recent orders
Mable Pratt,1,6912.17,0.05,710,0.86,Road Bikes,CA,No recent orders
Macie Ayers,1,9334.5,0.124,621,0.98,Cruisers Bicycles,NY,No recent orders
Magali Dixon,1,7587.509999999999,0.10666666666666667,923,1.0,Cruisers Bicycles,NY,No recent orders
Magda Eaton,1,723.89,0.05,650,1.0,Cruisers Bicycles,NY,No recent orders
Magdalena Sherman,1,854.19,0.15000000000000002,996,1.0,Cruisers Bicycles,NY,No recent orders
Maira Long,1,5588.51,0.09,413,1.0,Cruisers Bicycles,NY,No recent orders
Major Merrill,1,5055.11,0.10666666666666667,886,1.0,Mountain Bikes,NY,No recent orders
Majorie Glover,1,1899.98,0.05,455,1.0,Mountain Bikes,CA,No recent orders
Majorie Wyatt,1,5119.35,0.11000000000000001,864,1.0,Cruisers Bicycles,NY,No recent orders
Malisa Mitchell,1,7575.34,0.094,457,1.0,Children Bicycles,NY,No recent orders
Mallie Osborn,1,4135.95,0.11666666666666665,894,1.0,Comfort Bicycles,NY,No recent orders
Mandi Gibbs,1,1022.98,0.07,791,1.0,Cruisers Bicycles,NY,No recent orders
Manie Maxwell,1,1546.38,0.2,659,1.0,Cruisers Bicycles,NY,No recent orders
Manie Sanchez,1,2157.91,0.15666666666666668,818,1.0,Comfort Bicycles,NY,No recent orders
Maple Griffin,1,1856.6100000000001,0.060000000000000005,677,1.0,Cruisers Bicycles,TX,No recent orders
Marcel Lindsay,1,4544.84,0.11000000000000001,800,1.0,Mountain Bikes,NY,No recent orders
Marcelino Mcbride,1,3027.0299999999997,0.060000000000000005,1014,1.0,Comfort Bicycles,NY,No recent orders
Marcell Barrett,1,1197.0700000000002,0.07500000000000001,608,1.0,Comfort Bicycles,NY,No recent orders
Marcene Curtis,1,3668.92,0.07500000000000001,406,1.0,Cruisers Bicycles,NY,No recent orders
Marcy Rodriguez,1,845.98,0.1,604,1.0,Mountain Bikes,NY,No recent orders
Margaretta Clayton,1,4835.370000000001,0.07,732,1.0,Cruisers Bicycles,CA,No recent orders
Margene Eaton,1,502.18,0.07,798,1.0,Children Bicycles,NY,No recent orders
Margert Stevens,1,4851.13,0.10400000000000001,731,1.0,Children Bicycles,NY,No recent orders
Marget Hodge,1,12461.539999999999,0.10500000000000001,967,0.99,Mountain Bikes,NY,No recent orders
Margit Osborn,1,4781.92,0.1375,1059,1.0,Children Bicycles,NY,No recent orders
Margorie Wynn,1,8498.46,0.07500000000000001,465,1.0,Mountain Bikes,NY,No recent orders
Margret Barnett,1,11831.33,0.10666666666666667,483,0.94,Electric Bikes,TX,No recent orders
Mariam Miranda,1,2431.16,0.125,894,1.0,Cruisers Bicycles,NY,No recent orders
Maribel William,1,437.09,0.07,1084,0.99,Mountain Bikes,CA,No recent orders
Mariela Huffman,1,1577.07,0.060000000000000005,1049,1.0,Cruisers Bicycles,NY,No recent orders
Mariette Trevino,1,949.98,0.05,868,1.0,Comfort Bicycles,NY,No recent orders
Marilyn Frank,1,9499.98,0.05,619,0.95,Electric Bikes,NY,No recent orders
Marina Hinton,1,1885.88,0.10666666666666667,624,1.0,Cruisers Bicycles,CA,No recent orders
Marisa Chambers,1,4105.11,0.10666666666666667,971,1.0,Comfort Bicycles,NY,No recent orders
Marisol Goodman,1,3121.13,0.135,752,1.0,Children Bicycles,NY,No recent orders
Marissa Summers,1,1556.78,0.07,557,0.99,Cruisers Bicycles,NY,No recent orders
Marjory Leonard,1,6723.07,0.08,463,1.0,Comfort Bicycles,CA,No recent orders
Mark Benton,1,1705.96,0.07333333333333335,1025,1.0,Cruisers Bicycles,NY,No recent orders
Mark Garrett,1,3570.55,0.11666666666666668,1056,1.0,Comfort Bicycles,NY,No recent orders
Marlen Dawson,1,2932.4799999999996,0.060000000000000005,515,0.99,Children Bicycles,NY,No recent orders
Marlo Jefferson,1,13242.96,0.05,532,0.98,Mountain Bikes,NY,No recent orders
Marni Bolton,1,4095.01,0.08,913,1.0,Mountain Bikes,NY,No recent orders
Marquerite Dawson,1,8072.32,0.15,683,0.99,Mountain Bikes,TX,No recent orders
Marry Benjamin,1,4654.95,0.082,821,1.0,Cruisers Bicycles,TX,No recent orders
Martha Burgess,1,1227.58,0.07,496,1.0,Cruisers Bicycles,NY,No recent orders
Mary Singleton,1,1536.12,0.05,440,1.0,Cruisers Bicycles,NY,No recent orders
Maryalice Henry,1,4064.83,0.10500000000000001,665,0.99,Mountain Bikes,TX,No recent orders
Marylyn Browning,1,655.19,0.085,500,1.0,Cruisers Bicycles,NY,No recent orders
Matilda Larson,1,6397.469999999999,0.060000000000000005,933,1.0,Electric Bikes,TX,No recent orders
Max Charles,1,3998.36,0.10000000000000002,1045,1.0,Children Bicycles,NY,No recent orders
Maximina Hutchinson,1,2230.54,0.1375,670,1.0,Children Bicycles,TX,No recent orders
Mechelle Chan,1,1210.27,0.05,413,1.0,Cruisers Bicycles,NY,No recent orders
Melani Jarvis,1,4918.36,0.15000000000000002,784,1.0,Cruisers Bicycles,NY,No recent orders
Melba Wilkinson,1,5224.54,0.10666666666666667,987,1.0,Cruisers Bicycles,NY,No recent orders
Melita Dominguez,1,2748.74,0.11750000000000001,951,1.0,Cruisers Bicycles,NY,No recent orders
Mellisa Farley,1,1096.18,0.085,566,1.0,Cruisers Bicycles,NY,No recent orders
Mellisa Griffin,1,10050.62,0.098,511,0.99,Mountain Bikes,CA,No recent orders
Melodie Melton,1,7984.929999999999,0.12000000000000002,377,0.98,Comfort Bicycles,NY,No recent orders
Mercedez Brooks,1,2414.96,0.07500000000000001,805,0.99,Comfort Bicycles,CA,No recent orders
Mercy Brown,1,6239.27,0.134,599,1.0,Mountain Bikes,NY,No recent orders
Meredith Bryan,1,8474.16,0.060000000000000005,832,0.99,Mountain Bikes,NY,No recent orders
Merideth Preston,1,11832.449999999999,0.07333333333333335,377,0.96,Cruisers Bicycles,NY,No recent orders
Merlin Foreman,1,375.99,0.2,1007,1.0,Mountain Bikes,NY,No recent orders
Merrie Fowler,1,8069.65,0.1,950,0.98,Cruisers Bicycles,NY,No recent orders
Mi Gray,1,9728.98,0.135,586,0.98,Mountain Bikes,NY,No recent orders
Mia Delgado,1,527.98,0.2,724,0.99,Children Bicycles,CA,No recent orders
Mica Barry,1,279.99,0.2,516,1.0,Children Bicycles,NY,No recent orders
Michel Blankenship,1,2500.4300000000003,0.11000000000000001,683,1.0,Children Bicycles,TX,No recent orders
Micki Rutledge,1,3511.73,0.13,1025,1.0,Comfort Bicycles,NY,No recent orders
Mikel Wilkerson,1,351.99,0.2,491,1.0,Cruisers Bicycles,CA,No recent orders
Mila Good,1,1344.79,0.2,824,1.0,Cyclocross Bicycles,NY,No recent orders
Mila Moody,1,12595.07,0.09999999999999999,555,0.97,Children Bicycles,NY,No recent orders
Milagros Weber,1,7130.53,0.13,715,1.0,Cruisers Bicycles,TX,No recent orders
Mina Carrillo,1,6671.599999999999,0.060000000000000005,486,1.0,Comfort Bicycles,NY,No recent orders
Minnie Compton,1,8336.41,0.074,423,1.0,Children Bicycles,NY,No recent orders
Miquel Neal,1,8696.07,0.06666666666666667,940,1.0,Children Bicycles,NY,No recent orders
Miranda Kennedy,1,3254.99,0.07,606,1.0,Cyclocross Bicycles,NY,No recent orders
Mirella Duffy,1,3430.96,0.11000000000000001,859,1.0,Cruisers Bicycles,TX,No recent orders
Miriam Baker,1,3723.82,0.09,592,1.0,Cruisers Bicycles,NY,No recent orders
Moira Lester,1,6196.639999999999,0.08,675,1.0,Cruisers Bicycles,NY,No recent orders
Molly Langley,1,814.67,0.07,435,1.0,Road Bikes,NY,No recent orders
Monty Frost,1,13947.539999999999,0.084,445,0.98,Cruisers Bicycles,NY,No recent orders
Morton Barron,1,988.48,0.085,831,1.0,Cruisers Bicycles,CA,No recent orders
Morton Lee,1,3290.7699999999995,0.05,508,1.0,Comfort Bicycles,TX,No recent orders
Myesha Burgess,1,5226.66,0.06333333333333334,561,1.0,Mountain Bikes,CA,No recent orders
Myrl Gay,1,2474.9700000000003,0.085,551,1.0,Comfort Bicycles,TX,No recent orders
Myron Johns,1,1673.99,0.07,734,1.0,Mountain Bikes,NY,No recent orders
Myron Ruiz,1,7350.459999999999,0.11666666666666668,571,1.0,Comfort Bicycles,NY,No recent orders
Myrtie James,1,1502.96,0.07500000000000001,968,1.0,Children Bicycles,NY,No recent orders
Myrtle Gardner,1,1753.77,0.060000000000000005,418,1.0,Cruisers Bicycles,NY,No recent orders
Myung Hooper,1,2681.95,0.13333333333333333,531,1.0,Cruisers Bicycles,NY,No recent orders
Nakisha Clay,1,2800.29,0.1125,414,1.0,Mountain Bikes,NY,No recent orders
Nanette Harris,1,2559.99,0.2,397,0.9,Road Bikes,NY,No recent orders
Nanette Roman,1,2259.33,0.14250000000000002,634,0.98,Children Bicycles,CA,No recent orders
Narcisa Knapp,1,279.99,0.2,422,1.0,Children Bicycles,TX,No recent orders
Nathalie Knowles,1,4231.12,0.085,426,0.98,Cruisers Bicycles,NY,No recent orders
Nathanael Bradley,1,377.98,0.1,609,0.98,Children Bicycles,NY,No recent orders
Nathaniel Davidson,1,1115.98,0.07,1058,1.0,Cruisers Bicycles,NY,No recent orders
Nathaniel Richard,1,4495.2699999999995,0.11250000000000002,767,1.0,Cruisers Bicycles,NY,No recent orders
Natosha Rowland,1,2658.76,0.07333333333333335,415,1.0,Children Bicycles,NY,No recent orders
Neida King,1,1590.85,0.135,447,1.0,Comfort Bicycles,NY,No recent orders
Nelle Beck,1,4012.6400000000003,0.10500000000000001,602,1.0,Cruisers Bicycles,CA,No recent orders
Nenita Mooney,1,5806.03,0.10250000000000001,397,1.0,Children Bicycles,CA,No recent orders
Neoma Daugherty,1,2083.16,0.07333333333333335,1078,1.0,Cruisers Bicycles,NY,No recent orders
Nestor Haynes,1,1860.58,0.11666666666666668,650,1.0,Cruisers Bicycles,TX,No recent orders
Nettie Mcdaniel,1,3801.64,0.154,526,1.0,Cruisers Bicycles,NY,No recent orders
Nevada Hood,1,7688.2699999999995,0.11000000000000001,735,0.99,Comfort Bicycles,NY,No recent orders
Neville Mcclain,1,3376.59,0.08800000000000001,1071,1.0,Children Bicycles,NY,No recent orders
Nichelle Howell,1,1405.96,0.05,828,0.99,Cruisers Bicycles,NY,No recent orders
Nichelle Rosario,1,6824.969999999999,0.085,649,1.0,Children Bicycles,NY,No recent orders
Nicholas Vazquez,1,5224.99,0.05,560,0.92,Road Bikes,NY,No recent orders
Nicki Fry,1,1006.98,0.05,752,1.0,Cruisers Bicycles,NY,No recent orders
Nicki Larson,1,557.98,0.07,560,1.0,Children Bicycles,NY,No recent orders
Nicolas Carlson,1,5863.44,0.0925,369,0.96,Mountain Bikes,NY,No recent orders
Nikita Roy,1,1611.0700000000002,0.15666666666666668,497,1.0,Cruisers Bicycles,NY,No recent orders
Nita Guy,1,9372.36,0.128,663,0.98,Mountain Bikes,NY,No recent orders
Noble Glover,1,3443.9300000000003,0.10500000000000001,960,1.0,Mountain Bikes,NY,No recent orders
Norine Huffman,1,6240.549999999999,0.135,1079,1.0,Cyclocross Bicycles,CA,No recent orders
Novella Patel,1,5107.86,0.060000000000000005,577,1.0,Cruisers Bicycles,NY,No recent orders
Novella Ross,1,12307.96,0.07333333333333335,622,0.92,Road Bikes,CA,No recent orders
Obdulia Barber,1,543.98,0.2,591,1.0,Children Bicycles,NY,No recent orders
Ocie Slater,1,7999.959999999999,0.07500000000000001,453,1.0,Cyclocross Bicycles,NY,No recent orders
Octavia Case,1,9673.84,0.07333333333333335,924,0.99,Comfort Bicycles,NY,No recent orders
Octavia Donaldson,1,6543.0599999999995,0.05500000000000001,804,1.0,Mountain Bikes,NY,No recent orders
Odette Moses,1,7791.049999999999,0.10666666666666667,860,1.0,Children Bicycles,NY,No recent orders
Olevia Noel,1,3997.97,0.15666666666666668,830,0.99,Children Bicycles,NY,No recent orders
Olimpia Mays,1,12774.24,0.08800000000000001,531,0.99,Cruisers Bicycles,NY,No recent orders
Oliva Blackwell,1,6382.94,0.1,527,1.0,Children Bicycles,NY,No recent orders
Olympia Figueroa,1,4169.98,0.07500000000000001,1065,1.0,Cruisers Bicycles,NY,No recent orders
Omega Huff,1,8534.369999999999,0.07200000000000001,883,1.0,Cyclocross Bicycles,CA,No recent orders
Omega Johnston,1,7848.26,0.08,793,1.0,Cyclocross Bicycles,CA,No recent orders
Omer Estrada,1,7975.969999999999,0.125,761,1.0,Mountain Bikes,TX,No recent orders
Onita Macdonald,1,1525.15,0.08,812,1.0,Cruisers Bicycles,NY,No recent orders
Ophelia Decker,1,3014.3199999999997,0.11666666666666668,1052,1.0,Children Bicycles,NY,No recent orders
Ophelia Rodgers,1,4044.84,0.14250000000000002,938,1.0,Mountain Bikes,NY,No recent orders
Oralia Farley,1,5893.549999999999,0.11666666666666668,474,1.0,Children Bicycles,CA,No recent orders
Ouida Gregory,1,11314.07,0.11666666666666665,916,0.99,Mountain Bikes,NY,No recent orders
Pamala Fowler,1,3146.46,0.11666666666666668,670,1.0,Children Bicycles,NY,No recent orders
Pandora Estes,1,1734.93,0.125,831,1.0,Comfort Bicycles,NY,No recent orders
Parthenia Holman,1,15205.919999999998,0.10400000000000001,472,0.98,Road Bikes,NY,No recent orders
Pasquale Hogan,1,2155.17,0.08333333333333333,933,1.0,Cruisers Bicycles,CA,No recent orders
Patience Clayton,1,3278.05,0.07500000000000001,1085,1.0,Cruisers Bicycles,NY,No recent orders
Patrina Tanner,1,4539.969999999999,0.15000000000000002,636,1.0,Cruisers Bicycles,NY,No recent orders
Patsy Russo,1,1060.17,0.07,530,1.0,Children Bicycles,TX,No recent orders
Paul Lester,1,17580.71,0.078,641,1.0,Mountain Bikes,CA,No recent orders
Pearl Fox,1,1494.95,0.12333333333333334,469,1.0,Children Bicycles,NY,No recent orders
Pearlie Cochran,1,3347.98,0.07,755,1.0,Mountain Bikes,CA,No recent orders
Penney Hall,1,2835.55,0.07,965,1.0,Cyclocross Bicycles,NY,No recent orders
Penni Best,1,4162.85,0.1125,532,1.0,Children Bicycles,CA,No recent orders
Penny Acevedo,1,18670.92,0.11000000000000001,477,0.99,Children Bicycles,NY,No recent orders
Petronila Gallegos,1,2719.4700000000003,0.14250000000000002,699,0.99,Comfort Bicycles,NY,No recent orders
Phebe Soto,1,2024.06,0.09000000000000001,886,1.0,Mountain Bikes,NY,No recent orders
Phebe Turner,1,11120.32,0.094,559,0.98,Children Bicycles,NY,No recent orders
Philip Bryan,1,1368.07,0.060000000000000005,424,0.99,Comfort Bicycles,CA,No recent orders
Phillis Fowler,1,335.98,0.2,682,0.99,Children Bicycles,NY,No recent orders
Phuong Wolf,1,5686.58,0.08333333333333333,491,1.0,Children Bicycles,NY,No recent orders
Phylicia Stout,1,1199.98,0.2,877,1.0,Mountain Bikes,NY,No recent orders
Phylis Adkins,1,1972.96,0.060000000000000005,984,1.0,Comfort Bicycles,NY,No recent orders
Phyllis Hill,1,1034.28,0.15666666666666668,914,1.0,Cruisers Bicycles,NY,No recent orders
Piedad Irwin,1,706.78,0.07,429,1.0,Mountain Bikes,NY,No recent orders
Pinkie Kirkland,1,11476.529999999999,0.074,471,1.0,Mountain Bikes,TX,No recent orders
Porter Bass,1,4305.95,0.098,368,0.97,Comfort Bicycles,TX,No recent orders
Priscilla Wilkins,1,3599.99,0.1,416,0.99,Mountain Bikes,NY,No recent orders
Qiana Jackson,1,1988.04,0.128,428,1.0,Cruisers Bicycles,NY,No recent orders
Quyen Houston,1,5537.98,0.085,696,0.98,Mountain Bikes,NY,No recent orders
Ramiro Byers,1,376.79,0.2,659,1.0,Comfort Bicycles,NY,No recent orders
Randee Lester,1,700.79,0.2,478,1.0,Road Bikes,NY,No recent orders
Randee Pitts,1,5671.129999999999,0.07,1079,1.0,Cyclocross Bicycles,CA,No recent orders
Randolph Chase,1,9163.42,0.10400000000000001,930,0.99,Children Bicycles,CA,No recent orders
Raphael O'neil,1,2509.94,0.09999999999999999,550,1.0,Comfort Bicycles,NY,No recent orders
Raul Melendez,1,2770.96,0.08333333333333333,498,1.0,Cruisers Bicycles,NY,No recent orders
Raven Curtis,1,4692.86,0.10250000000000001,921,1.0,Cruisers Bicycles,CA,No recent orders
Raymonde Garcia,1,6169.959999999999,0.07500000000000001,865,1.0,Comfort Bicycles,NY,No recent orders
Rayna Perry,1,5672.280000000001,0.125,906,0.98,Cyclocross Bicycles,NY,No recent orders
Reatha Perez,1,13130.82,0.12200000000000003,707,1.0,Mountain Bikes,NY,No recent orders
Rebbecca Espinoza,1,4503.74,0.10500000000000001,795,1.0,Cruisers Bicycles,NY,No recent orders
Reena Higgins,1,5728.93,0.11000000000000001,1004,0.99,Mountain Bikes,CA,No recent orders
Regina Burns,1,11013.93,0.065,919,0.99,Cruisers Bicycles,TX,No recent orders
Renato Morton,1,2716.76,0.125,490,0.99,Comfort Bicycles,NY,No recent orders
Renita Henry,1,5442.07,0.13333333333333333,587,1.0,Cruisers Bicycles,NY,No recent orders
Renna Williams,1,7021.139999999999,0.14250000000000002,495,1.0,Cruisers Bicycles,NY,No recent orders
Reyes Merritt,1,4037.9599999999996,0.12333333333333334,880,1.0,Comfort Bicycles,NY,No recent orders
Ricki Bullock,1,7183.32,0.07333333333333335,502,1.0,Mountain Bikes,NY,No recent orders
Rico Salas,1,9874.65,0.0875,994,1.0,Cruisers Bicycles,NY,No recent orders
Rikki Morrow,1,9301.92,0.144,1033,1.0,Children Bicycles,TX,No recent orders
Risa Gallagher,1,4445.05,0.12400000000000003,428,1.0,Cruisers Bicycles,CA,No recent orders
Rita Bailey,1,2701.17,0.10500000000000001,558,1.0,Cruisers Bicycles,NY,No recent orders
Rochell Cantrell,1,7176.21,0.094,836,1.0,Cruisers Bicycles,NY,No recent orders
Rochelle Ward,1,2427.95,0.14250000000000002,1046,1.0,Comfort Bicycles,CA,No recent orders
Rodger Rojas,1,1758.51,0.08333333333333333,768,1.0,Cruisers Bicycles,NY,No recent orders
Rodney Odom,1,1703.68,0.08333333333333333,1057,1.0,Children Bicycles,NY,No recent orders
Rodolfo Buck,1,8280.539999999999,0.09000000000000001,1041,1.0,Mountain Bikes,NY,No recent orders
Rodrick Shelton,1,3349.64,0.14250000000000002,808,1.0,Cruisers Bicycles,CA,No recent orders
Rodrigo Durham,1,1037.37,0.05,454,1.0,Children Bicycles,NY,No recent orders
Rolanda Larsen,1,3136.04,0.0975,412,1.0,Children Bicycles,NY,No recent orders
Romaine Haley,1,1337.08,0.085,1039,1.0,Mountain Bikes,NY,No recent orders
Romaine Salazar,1,1307.62,0.10666666666666667,879,1.0,Cruisers Bicycles,NY,No recent orders
Romana Barnes,1,1094.97,0.16666666666666666,576,1.0,Cruisers Bicycles,NY,No recent orders
Romelia Myers,1,5440.36,0.05666666666666667,505,1.0,Comfort Bicycles,NY,No recent orders
Romeo Steele,1,4922.94,0.1375,550,1.0,Cruisers Bicycles,NY,No recent orders
Rona Rojas,1,7439.98,0.07,520,0.98,Mountain Bikes,CA,No recent orders
Ronald Parsons,1,2420.55,0.12333333333333334,796,1.0,Comfort Bicycles,NY,No recent orders
Rory Cooper,1,2197.89,0.125,818,0.99,Cruisers Bicycles,CA,No recent orders
Rosa Kinney,1,1499.96,0.15000000000000002,1041,1.0,Children Bicycles,NY,No recent orders
Rosalba O'neal,1,464.99,0.07,920,1.0,Comfort Bicycles,NY,No recent orders
Rosalie Coffey,1,1926.58,0.05000000000000001,810,1.0,Cruisers Bicycles,CA,No recent orders
Rosalva Hamilton,1,10529.96,0.07500000000000001,560,0.99,Electric Bikes,CA,No recent orders
Rosamaria Meyer,1,5893.54,0.15666666666666668,953,0.99,Mountain Bikes,NY,No recent orders
Rosanne George,1,3750.87,0.10666666666666667,625,1.0,Children Bicycles,NY,No recent orders
Roseanne Maynard,1,1485.46,0.08333333333333333,790,0.99,Children Bicycles,TX,No recent orders
Ross Pugh,1,3032.73,0.135,599,1.0,Children Bicycles,NY,No recent orders
Roy Chan,1,2717.96,0.11666666666666668,687,1.0,Children Bicycles,CA,No recent orders
Rozanne Reyes,1,8476.519999999999,0.06666666666666667,924,1.0,Comfort Bicycles,NY,No recent orders
Rozella Fitzgerald,1,480.59,0.1,464,1.0,Comfort Bicycles,NY,No recent orders
Rubin Decker,1,2484.42,0.11750000000000001,389,1.0,Cruisers Bicycles,NY,No recent orders
Rubye Mccall,1,1229.0900000000001,0.125,911,1.0,Cruisers Bicycles,NY,No recent orders
Rudolf Gilliam,1,2747.23,0.125,580,1.0,Children Bicycles,CA,No recent orders
Rudolf Moran,1,4017.43,0.135,619,1.0,Children Bicycles,NY,No recent orders
Rudolph Velez,1,8263.859999999999,0.16666666666666666,397,0.98,Mountain Bikes,NY,No recent orders
Rufina Chandler,1,4044.7799999999997,0.15000000000000002,895,1.0,Cyclocross Bicycles,NY,No recent orders
Rutha Howell,1,7143.66,0.12333333333333334,577,1.0,Mountain Bikes,CA,No recent orders
Ruthanne Hoover,1,5989.93,0.084,975,1.0,Mountain Bikes,CA,No recent orders
Ryan Carter,1,3126.64,0.07,953,1.0,Cyclocross Bicycles,NY,No recent orders
Salena Day,1,8342.929999999998,0.1375,849,1.0,Children Bicycles,CA,No recent orders
Sally Kinney,1,1285.97,0.060000000000000005,591,1.0,Cruisers Bicycles,NY,No recent orders
Sam Lester,1,3633.3500000000004,0.18,1075,1.0,Children Bicycles,NY,No recent orders
Samual Warner,1,15876.419999999998,0.088,587,0.98,Comfort Bicycles,NY,No recent orders
Sandee Alvarado,1,799.99,0.2,613,1.0,Mountain Bikes,NY,No recent orders
Sanora Webster,1,3442.81,0.07,618,1.0,Mountain Bikes,CA,No recent orders
Sarah Kirkland,1,4387.96,0.15000000000000002,691,1.0,Cruisers Bicycles,NY,No recent orders
Saran Moses,1,3049.9799999999996,0.15000000000000002,885,1.0,Cruisers Bicycles,NY,No recent orders
Scarlet Reed,1,4147.66,0.05,663,0.98,Cruisers Bicycles,NY,No recent orders
Scarlet Yates,1,4563.09,0.07500000000000001,943,1.0,Cyclocross Bicycles,NY,No recent orders
Season Harvey,1,3185.94,0.0925,621,1.0,Cruisers Bicycles,NY,No recent orders
Sebrina Gross,1,1042.17,0.085,877,1.0,Cruisers Bicycles,TX,No recent orders
Sebrina Hart,1,3591.27,0.09000000000000001,961,1.0,Cruisers Bicycles,NY,No recent orders
Selene Austin,1,5382.04,0.0975,694,1.0,Children Bicycles,CA,No recent orders
Senaida Thompson,1,256.49,0.05,1005,1.0,Cruisers Bicycles,NY,No recent orders
Serafina Clemons,1,494.99,0.1,1054,1.0,Cruisers Bicycles,NY,No recent orders
Serina Hensley,1,1690.66,0.10000000000000002,503,1.0,Children Bicycles,NY,No recent orders
Shae Hickman,1,18281.47,0.05666666666666667,379,0.96,Comfort Bicycles,NY,No recent orders
Shanelle Anderson,1,507.29,0.05,432,1.0,Comfort Bicycles,NY,No recent orders
Shanice Spears,1,11299.97,0.07500000000000001,384,0.93,Road Bikes,NY,No recent orders
Shanita Wiley,1,2217.64,0.07333333333333335,368,0.94,Children Bicycles,NY,No recent orders
Shanna Bonner,1,3564.96,0.15,827,1.0,Children Bicycles,NY,No recent orders
Shantae Hammond,1,6068.9400000000005,0.1625,730,0.99,Cruisers Bicycles,TX,No recent orders
Shantel Gregory,1,5644.91,0.10666666666666667,1070,1.0,Mountain Bikes,NY,No recent orders
Shanti Johnston,1,1863.96,0.15000000000000002,634,1.0,Cruisers Bicycles,NY,No recent orders
Shara Pope,1,5959.0599999999995,0.12333333333333334,686,1.0,Mountain Bikes,CA,No recent orders
Sharell Ross,1,3594.86,0.07500000000000001,496,1.0,Comfort Bicycles,CA,No recent orders
Sharie Alvarez,1,5716.59,0.08,1019,1.0,Cruisers Bicycles,NY,No recent orders
Sharie Whitaker,1,6762.13,0.11800000000000002,419,1.0,Mountain Bikes,NY,No recent orders
Sharika Colon,1,4271.11,0.11333333333333334,749,1.0,Comfort Bicycles,NY,No recent orders
Sharyn Brewer,1,3994.45,0.10666666666666667,410,1.0,Mountain Bikes,NY,No recent orders
Shasta Combs,1,2360.39,0.135,750,1.0,Cruisers Bicycles,NY,No recent orders
Shauna Edwards,1,1831.18,0.085,879,1.0,Comfort Bicycles,NY,No recent orders
Shaunda Barnett,1,256.49,0.05,807,1.0,Cruisers Bicycles,TX,No recent orders
Shawnda Glover,1,3586.7,0.13,894,1.0,Cruisers Bicycles,NY,No recent orders
Shawnna Frank,1,2705.0,0.125,500,1.0,Cruisers Bicycles,NY,No recent orders
Shay Stephenson,1,3671.7,0.11333333333333334,449,1.0,Children Bicycles,NY,No recent orders
Shayla Hart,1,2928.68,0.125,899,1.0,Cruisers Bicycles,NY,No recent orders
Shea Howell,1,2319.96,0.2,516,0.98,Comfort Bicycles,CA,No recent orders
Sheila Goodman,1,3581.46,0.05000000000000001,876,1.0,Children Bicycles,NY,No recent orders
Shemeka Lyons,1,3370.5699999999997,0.135,848,1.0,Cruisers Bicycles,CA,No recent orders
Shenna Espinoza,1,5699.98,0.05,1017,0.99,Electric Bikes,NY,No recent orders
Sheree Pena,1,3022.87,0.05,596,0.99,Mountain Bikes,NY,No recent orders
Sheri Cole,1,1970.59,0.10666666666666667,999,1.0,Cruisers Bicycles,CA,No recent orders
Sherie Ayala,1,7042.67,0.066,750,1.0,Mountain Bikes,CA,No recent orders
Sherilyn Wilcox,1,2411.4700000000003,0.09999999999999999,469,1.0,Cruisers Bicycles,NY,No recent orders
Sherise Mercer,1,1619.99,0.1,462,0.99,Mountain Bikes,CA,No recent orders
Sherita Cherry,1,719.98,0.2,624,1.0,Comfort Bicycles,NY,No recent orders
Sherril Alvarado,1,5723.74,0.07200000000000001,508,1.0,Cruisers Bicycles,TX,No recent orders
Shery Acosta,1,3372.13,0.13,985,1.0,Cruisers Bicycles,NY,No recent orders
Shery Randolph,1,7251.959999999999,0.11666666666666668,930,1.0,Mountain Bikes,CA,No recent orders
Sheryl Chase,1,17086.93,0.060000000000000005,710,1.0,Mountain Bikes,NY,No recent orders
Shiela Calderon,1,2768.36,0.09000000000000001,490,1.0,Children Bicycles,CA,No recent orders
Shila White,1,6177.77,0.07500000000000001,798,1.0,Mountain Bikes,NY,No recent orders
Shiloh Bates,1,6330.57,0.135,661,1.0,Mountain Bikes,NY,No recent orders
Shiloh Reeves,1,1950.57,0.16666666666666666,626,1.0,Cruisers Bicycles,NY,No recent orders
Shirely Cantrell,1,1249.97,0.07500000000000001,883,0.99,Cruisers Bicycles,NY,No recent orders
Shirely Stanley,1,10574.96,0.05666666666666667,858,1.0,Children Bicycles,TX,No recent orders
Shona Mcmillan,1,6089.98,0.15000000000000002,558,1.0,Cruisers Bicycles,CA,No recent orders
Shonta Mercer,1,723.89,0.05,667,1.0,Cruisers Bicycles,NY,No recent orders
Shonta Preston,1,5801.93,0.10500000000000001,645,1.0,Cruisers Bicycles,NY,No recent orders
Shu Mays,1,8056.759999999999,0.20000000000000004,655,1.0,Mountain Bikes,NY,No recent orders
Silas Tate,1,2497.95,0.10666666666666667,1062,1.0,Comfort Bicycles,TX,No recent orders
Sindy Anderson,1,4092.8500000000004,0.11750000000000001,1081,0.99,Mountain Bikes,CA,No recent orders
Siobhan Lang,1,6793.96,0.11666666666666668,624,1.0,Children Bicycles,NY,No recent orders
Skye Pope,1,3159.91,0.18,561,1.0,Children Bicycles,NY,No recent orders
Soledad Moses,1,3168.55,0.08,516,1.0,Comfort Bicycles,NY,No recent orders
Somer Jordan,1,12663.949999999999,0.13333333333333333,476,0.98,Children Bicycles,NY,No recent orders
Sommer Hopkins,1,1256.0900000000001,0.07500000000000001,662,0.99,Cruisers Bicycles,NY,No recent orders
Son Warner,1,3799.99,0.05,852,1.0,Mountain Bikes,NY,No recent orders
Sonja Walls,1,176.69,0.07,460,0.99,Children Bicycles,NY,No recent orders
Stacie Sims,1,7040.84,0.10666666666666667,417,0.99,Mountain Bikes,CA,No recent orders
Starr Schneider,1,620.09,0.15000000000000002,1024,0.99,Children Bicycles,NY,No recent orders
Stefani Gamble,1,6715.429999999999,0.0925,746,1.0,Mountain Bikes,NY,No recent orders
Stephaine Riddle,1,8429.939999999999,0.09000000000000001,947,1.0,Mountain Bikes,NY,No recent orders
Stephanie Browning,1,104.49,0.05,689,1.0,Children Bicycles,TX,No recent orders
Stephen Vega,1,912.27,0.125,571,1.0,Children Bicycles,CA,No recent orders
Steve Bender,1,3292.42,0.11750000000000001,989,1.0,Mountain Bikes,NY,No recent orders
Suellen Mercado,1,1139.98,0.05,843,1.0,Cruisers Bicycles,NY,No recent orders
Sung Chambers,1,5115.96,0.11333333333333334,396,0.99,Children Bicycles,NY,No recent orders
Sunshine Rosario,1,2789.99,0.07,719,1.0,Electric Bikes,NY,No recent orders
Susann Bass,1,1001.61,0.060000000000000005,661,1.0,Children Bicycles,NY,No recent orders
Susannah Fields,1,1390.47,0.11333333333333334,1053,0.99,Children Bicycles,NY,No recent orders
Sylvester Chan,1,728.97,0.1,367,0.98,Children Bicycles,CA,No recent orders
Sylvie Wilkerson,1,2718.3900000000003,0.2,850,1.0,Children Bicycles,NY,No recent orders
Tad Gardner,1,2195.5699999999997,0.15666666666666668,454,1.0,Cruisers Bicycles,NY,No recent orders
Taisha Vang,1,502.18,0.07,1062,1.0,Cruisers Bicycles,NY,No recent orders
Tajuana Riddle,1,4205.98,0.085,577,1.0,Mountain Bikes,NY,No recent orders
Tajuana Rollins,1,7782.869999999999,0.10000000000000002,406,1.0,Comfort Bicycles,NY,No recent orders
Tam Fisher,1,3439.1699999999996,0.060000000000000005,429,0.99,Mountain Bikes,NY,No recent orders
Tama Berg,1,2966.6400000000003,0.074,523,1.0,Cruisers Bicycles,NY,No recent orders
Tamela Harrell,1,17479.949999999997,0.13333333333333333,560,1.0,Cyclocross Bicycles,NY,No recent orders
Tammera Fischer,1,1196.96,0.15,854,0.99,Cruisers Bicycles,CA,No recent orders
Tammie Cherry,1,6239.09,0.07200000000000001,974,1.0,Cruisers Bicycles,NY,No recent orders
Tammy Austin,1,13765.54,0.085,463,0.98,Mountain Bikes,TX,No recent orders
Tanesha Hampton,1,2335.52,0.085,737,1.0,Cruisers Bicycles,NY,No recent orders
Tanesha Sawyer,1,269.99,0.1,810,1.0,Children Bicycles,NY,No recent orders
Tangela Hurley,1,1104.47,0.125,1077,1.0,Children Bicycles,CA,No recent orders
Tania Swanson,1,954.98,0.125,968,1.0,Comfort Bicycles,TX,No recent orders
Tarra Guerrero,1,3155.95,0.11666666666666668,1088,1.0,Children Bicycles,NY,No recent orders
Taylor Cole,1,1364.94,0.11750000000000001,742,1.0,Cruisers Bicycles,NY,No recent orders
Tayna Wade,1,3628.5099999999998,0.135,766,1.0,Electric Bikes,CA,No recent orders
Tempie Jacobson,1,7049.67,0.1,441,1.0,Mountain Bikes,NY,No recent orders
Tereasa Bird,1,10617.97,0.125,681,0.99,Children Bicycles,NY,No recent orders
Terese Briggs,1,1559.97,0.07500000000000001,765,1.0,Comfort Bicycles,NY,No recent orders
Terese Palmer,1,464.99,0.07,736,1.0,Comfort Bicycles,NY,No recent orders
Terra Pickett,1,11787.55,0.065,400,0.99,Mountain Bikes,NY,No recent orders
Terrance Lynn,1,7536.16,0.05666666666666667,389,0.98,Mountain Bikes,NY,No recent orders
Terrell Mathis,1,3163.04,0.060000000000000005,929,1.0,Mountain Bikes,NY,No recent orders
Tessie Farmer,1,1351.72,0.07333333333333335,841,1.0,Children Bicycles,NY,No recent orders
Thad Castro,1,2197.94,0.16666666666666666,922,1.0,Cruisers Bicycles,NY,No recent orders
Thad Gilliam,1,1961.08,0.060000000000000005,863,1.0,Cruisers Bicycles,NY,No recent orders
Thanh Figueroa,1,1649.97,0.07500000000000001,770,1.0,Comfort Bicycles,NY,No recent orders
Theresia Barron,1,4803.62,0.128,1025,1.0,Mountain Bikes,NY,No recent orders
Thurman Ellis,1,4689.45,0.13,1035,1.0,Children Bicycles,CA,No recent orders
Tiana Henderson,1,1200.54,0.07333333333333335,1057,1.0,Cruisers Bicycles,NY,No recent orders
Tilda Melton,1,1063.8899999999999,0.07,452,1.0,Cruisers Bicycles,NY,No recent orders
Timothy Byers,1,2501.76,0.11666666666666668,853,1.0,Comfort Bicycles,NY,No recent orders
Tina Bush,1,3464.02,0.060000000000000005,749,1.0,Cruisers Bicycles,NY,No recent orders
Tisa Whitney,1,3196.2,0.11000000000000001,523,0.99,Mountain Bikes,NY,No recent orders
Tisha Petty,1,1052.97,0.07500000000000001,751,1.0,Children Bicycles,TX,No recent orders
Tomeka Higgins,1,1832.06,0.07,920,1.0,Comfort Bicycles,NY,No recent orders
Tomika Larson,1,1139.98,0.05,1068,1.0,Cruisers Bicycles,NY,No recent orders
Tomika Wilder,1,9210.71,0.10400000000000001,1019,0.97,Mountain Bikes,NY,No recent orders
Tommie Cooley,1,8011.3099999999995,0.05000000000000001,391,1.0,Cruisers Bicycles,NY,No recent orders
Tona Velasquez,1,242.99,0.1,925,1.0,Children Bicycles,NY,No recent orders
Tonda Armstrong,1,7179.98,0.0675,533,1.0,Comfort Bicycles,NY,No recent orders
Tonda Webb,1,4169.35,0.08,793,1.0,Mountain Bikes,NY,No recent orders
Tonisha Fowler,1,9399.96,0.09999999999999999,710,0.95,Electric Bikes,NY,No recent orders
Tonja Bean,1,8787.119999999999,0.124,450,0.98,Cruisers Bicycles,NY,No recent orders
Tonja Henderson,1,1964.08,0.07500000000000001,841,1.0,Children Bicycles,NY,No recent orders
Tony Hicks,1,712.49,0.05,955,1.0,Mountain Bikes,CA,No recent orders
Tora Dunlap,1,5775.539999999999,0.11333333333333334,733,1.0,Comfort Bicycles,NY,No recent orders
Toshia Cardenas,1,3935.96,0.20000000000000004,698,1.0,Children Bicycles,NY,No recent orders
Toya Pratt,1,2082.1400000000003,0.0625,716,1.0,Children Bicycles,NY,No recent orders
Trang Hardin,1,5732.46,0.10666666666666667,455,1.0,Children Bicycles,NY,No recent orders
Travis Goodman,1,2446.9300000000003,0.1625,528,1.0,Children Bicycles,CA,No recent orders
Travis Whitley,1,3768.9300000000003,0.1375,1068,1.0,Cruisers Bicycles,NY,No recent orders
Treasa Dickerson,1,889.58,0.2,405,0.98,Children Bicycles,NY,No recent orders
Trena Hudson,1,9287.94,0.0675,603,1.0,Cruisers Bicycles,NY,No recent orders
Trena Rogers,1,989.98,0.1,974,1.0,Cruisers Bicycles,CA,No recent orders
Tressa Weiss,1,6749.969999999999,0.135,569,1.0,Cruisers Bicycles,NY,No recent orders
Tricia Daniels,1,3502.49,0.08,739,1.0,Children Bicycles,TX,No recent orders
Trinidad Chapman,1,2052.3500000000004,0.11750000000000001,1046,1.0,Cruisers Bicycles,NY,No recent orders
Trinidad Mcclain,1,10986.9,0.07500000000000001,827,1.0,Mountain Bikes,NY,No recent orders
Trinity Riddle,1,7211.719999999999,0.085,483,1.0,Cruisers Bicycles,NY,No recent orders
Trisha Johnson,1,754.58,0.060000000000000005,1031,0.99,Children Bicycles,NY,No recent orders
Trista Lambert,1,5922.469999999999,0.07500000000000001,487,1.0,Cruisers Bicycles,NY,No recent orders
Trudy Riddle,1,4214.9400000000005,0.10250000000000001,653,1.0,Cruisers Bicycles,NY,No recent orders
Tuan Wolfe,1,3038.32,0.08,1013,1.0,Cruisers Bicycles,NY,No recent orders
Tuyet Rosa,1,5841.09,0.14400000000000002,659,1.0,Cruisers Bicycles,CA,No recent orders
Twana Arnold,1,464.99,0.07,1059,1.0,Comfort Bicycles,CA,No recent orders
Ulrike Chan,1,1499.38,0.1,532,1.0,Mountain Bikes,NY,No recent orders
Ulysses Gaines,1,386.1,0.1,802,1.0,Cruisers Bicycles,NY,No recent orders
Valentin Mclaughlin,1,4001.9100000000003,0.094,612,1.0,Cruisers Bicycles,NY,No recent orders
Valeri Marshall,1,5834.13,0.0925,439,1.0,Mountain Bikes,NY,No recent orders
Valery Saunders,1,872.08,0.1,1029,1.0,Cruisers Bicycles,TX,No recent orders
Vallie Dixon,1,8083.959999999999,0.07333333333333335,829,1.0,Mountain Bikes,TX,No recent orders
Van Peters,1,6448.29,0.07333333333333335,912,0.99,Cruisers Bicycles,TX,No recent orders
Vance Taylor,1,697.49,0.07,435,1.0,Road Bikes,NY,No recent orders
Vanda Holmes,1,2432.94,0.07333333333333335,826,0.99,Comfort Bicycles,NY,No recent orders
Vanessa West,1,502.18,0.07,861,1.0,Children Bicycles,NY,No recent orders
Vashti Rosario,1,9865.47,0.085,523,0.99,Children Bicycles,NY,No recent orders
Venessa Frost,1,1279.06,0.07333333333333335,711,1.0,Children Bicycles,NY,No recent orders
Venus Hewitt,1,1060.55,0.12333333333333334,944,1.0,Children Bicycles,NY,No recent orders
Verda Gilbert,1,6349.360000000001,0.09999999999999999,723,0.95,Road Bikes,NY,No recent orders
Verdell Joyner,1,1567.47,0.05,426,1.0,Comfort Bicycles,NY,No recent orders
Verna Solis,1,3799.16,0.085,399,0.98,Cruisers Bicycles,NY,No recent orders
Vernell Goff,1,1902.56,0.07333333333333335,546,1.0,Children Bicycles,NY,No recent orders
Vernetta Banks,1,2123.56,0.07333333333333335,960,1.0,Cruisers Bicycles,NY,No recent orders
Vernia Madden,1,5219.98,0.1,846,0.99,Mountain Bikes,NY,No recent orders
Vernita Ball,1,269.99,0.1,666,1.0,Children Bicycles,CA,No recent orders
Vernon Knowles,1,3121.4799999999996,0.085,749,1.0,Cruisers Bicycles,NY,No recent orders
Verona O'neill,1,4157.969999999999,0.085,1072,1.0,Children Bicycles,NY,No recent orders
Veronika Rollins,1,10132.359999999999,0.060000000000000005,378,0.99,Children Bicycles,NY,No recent orders
Veronique Fulton,1,10216.23,0.09,957,0.99,Cruisers Bicycles,NY,No recent orders
Vicki Wiggins,1,6074.04,0.124,539,1.0,Mountain Bikes,NY,No recent orders
Victor Pittman,1,2991.75,0.17500000000000002,549,1.0,Cruisers Bicycles,NY,No recent orders
Vikki Erickson,1,6489.5599999999995,0.09999999999999999,1030,1.0,Cyclocross Bicycles,NY,No recent orders
Vince Schneider,1,8204.52,0.11400000000000002,639,1.0,Mountain Bikes,NY,No recent orders
Vinnie Chan,1,3359.97,0.060000000000000005,813,1.0,Children Bicycles,NY,No recent orders
Violet Valenzuela,1,2546.46,0.15,979,1.0,Comfort Bicycles,NY,No recent orders
Virgen Clemons,1,7184.969999999999,0.085,604,1.0,Cyclocross Bicycles,CA,No recent orders
Virgil Frost,1,1026.7,0.07,451,1.0,Comfort Bicycles,NY,No recent orders
Virgina Berg,1,5154.139999999999,0.10500000000000001,703,1.0,Comfort Bicycles,NY,No recent orders
Vito Pickett,1,6754.93,0.098,549,1.0,Cruisers Bicycles,NY,No recent orders
Viva Dawson,1,7918.84,0.098,975,0.98,Comfort Bicycles,NY,No recent orders
Vonda Berger,1,7824.03,0.148,758,1.0,Cruisers Bicycles,CA,No recent orders
Wai Soto,1,4912.15,0.15,440,1.0,Cruisers Bicycles,NY,No recent orders
Waldo Hart,1,3032.9799999999996,0.1,981,1.0,Mountain Bikes,NY,No recent orders
Wallace Lane,1,539.99,0.1,1019,1.0,Cruisers Bicycles,NY,No recent orders
Walton Dejesus,1,3011.4799999999996,0.05,565,0.99,Cruisers Bicycles,NY,No recent orders
Weldon Michael,1,3840.88,0.07500000000000001,940,1.0,Cruisers Bicycles,NY,No recent orders
Wendie Nash,1,3950.3599999999997,0.060000000000000005,466,1.0,Comfort Bicycles,CA,No recent orders
Wes Stanton,1,423.99,0.2,733,1.0,Cruisers Bicycles,NY,No recent orders
Whitley Cannon,1,3975.23,0.088,488,1.0,Children Bicycles,NY,No recent orders
Whitney Cash,1,458.98,0.15000000000000002,814,1.0,Cruisers Bicycles,NY,No recent orders
Willetta Murphy,1,2200.94,0.07333333333333335,383,1.0,Children Bicycles,NY,No recent orders
Willian Hardin,1,845.98,0.1,694,1.0,Mountain Bikes,NY,No recent orders
Willis Randolph,1,2899.48,0.07250000000000001,427,1.0,Cruisers Bicycles,TX,No recent orders
Willow Gardner,1,2190.56,0.16666666666666666,460,1.0,Children Bicycles,CA,No recent orders
Winfred Harris,1,3804.91,0.134,638,1.0,Children Bicycles,NY,No recent orders
Wm Pope,1,930.98,0.05,660,1.0,Comfort Bicycles,NY,No recent orders
Wynona Douglas,1,16491.51,0.12000000000000002,489,0.99,Cruisers Bicycles,TX,No recent orders
Yahaira Robertson,1,4784.15,0.13,761,1.0,Children Bicycles,NY,No recent orders
Yan Trevino,1,11391.42,0.11000000000000001,404,1.0,Cruisers Bicycles,NY,No recent orders
Yang Giles,1,5244.95,0.11666666666666668,470,0.97,Children Bicycles,TX,No recent orders
Yang Roth,1,772.2,0.1,887,1.0,Cruisers Bicycles,NY,No recent orders
Yanira Bradshaw,1,9157.75,0.1,640,1.0,Mountain Bikes,NY,No recent orders
Yevette Elliott,1,12104.779999999999,0.09,656,1.0,Cruisers Bicycles,NY,No recent orders
Yolando Wade,1,4873.95,0.10666666666666667,791,1.0,Mountain Bikes,NY,No recent orders
Yu Mcdonald,1,6804.95,0.15000000000000002,655,1.0,Mountain Bikes,NY,No recent orders
Yun Nelson,1,1189.98,0.125,833,1.0,Children Bicycles,NY,No recent orders
Yvette Rogers,1,2599.16,0.20000000000000004,935,1.0,Children Bicycles,NY,No recent orders
Yvone Guerrero,1,11183.029999999999,0.084,1073,1.0,Cruisers Bicycles,NY,No recent orders
Yvone Yates,1,6515.949999999999,0.10000000000000002,419,1.0,Cruisers Bicycles,CA,No recent orders
Yvonne Bean,1,1973.73,0.060000000000000005,806,1.0,Cruisers Bicycles,NY,No recent orders
Zelda Pratt,1,2252.91,0.12333333333333334,790,1.0,Cruisers Bicycles,NY,No recent orders
Zella Fernandez,1,1422.96,0.07500000000000001,580,1.0,Children Bicycles,NY,No recent orders
Zona Cameron,1,2696.99,0.07,557,1.0,Mountain Bikes,NY,No recent orders
Zoraida Patton,1,7004.83,0.1625,688,1.0,Cruisers Bicycles,NY,No recent orders
Zulema Browning,1,1265.97,0.085,1026,1.0,Cruisers Bicycles,NY,No recent orders
Zulema Clemons,1,512.98,0.05,784,1.0,Children Bicycles,CA,No recent orders
